epoch;accuracy;loss
0;4.0180006e-05;0.029922883570783685
1;8.036001e-05;0.011076930310303405
2;8.036001e-05;0.010510358709495227
3;8.036001e-05;0.010351775795497791
4;8.036001e-05;0.010222414849844924
5;8.036001e-05;0.010109287047842166
6;8.036001e-05;0.010013439544687228
7;8.036001e-05;0.009880122613033853
8;8.036001e-05;0.009596436442691874
9;8.036001e-05;0.008769136144959213
10;8.036001e-05;0.007254756143155129
11;8.036001e-05;0.006125371738613696
12;8.036001e-05;0.00581700918146368
13;8.036001e-05;0.005720176029189686
14;8.036001e-05;0.005630969159886943
15;8.036001e-05;0.0055733276297713
16;8.036001e-05;0.005515159617530945
17;8.036001e-05;0.005453600340096311
18;8.036001e-05;0.005367743289639549
19;8.036001e-05;0.005300415125855609
20;8.036001e-05;0.005230648854952208
21;8.036001e-05;0.005149398755796939
22;8.036001e-05;0.00507723006934391
23;8.036001e-05;0.00500541896832171
24;8.036001e-05;0.004916801403513176
25;8.036001e-05;0.004815787125471952
26;8.036001e-05;0.00469440071201891
27;8.036001e-05;0.004519988966566226
28;8.036001e-05;0.004322473516723104
29;8.036001e-05;0.004052582735266858
30;8.036001e-05;0.003908964185330444
31;8.036001e-05;0.0038070937501971645
32;8.036001e-05;0.0037227655018934203
33;8.036001e-05;0.0036651425210260033
34;8.036001e-05;0.003604285542469817
35;8.036001e-05;0.0035518831664477055
36;8.036001e-05;0.0035153094913378015
37;8.036001e-05;0.0034715767489088434
38;8.036001e-05;0.003438849414085097
39;8.036001e-05;0.0033839736443772926
40;8.036001e-05;0.00338395334785351
41;8.036001e-05;0.0033498844537214667
42;8.036001e-05;0.003321256738616104
43;8.036001e-05;0.003308214460991005
44;8.036001e-05;0.0032985257516263064
45;8.036001e-05;0.003278507011958137
46;8.036001e-05;0.0032652218734407893
47;8.036001e-05;0.0032633797928435172
48;8.036001e-05;0.003256590630557873
49;8.036001e-05;0.0032381588600981026
50;8.036001e-05;0.003237993987037723
51;8.036001e-05;0.003231152032948081
52;8.036001e-05;0.003231070989056
53;8.036001e-05;0.0032089719410290586
54;8.036001e-05;0.0032049068836960603
55;8.036001e-05;0.003214980164731001
56;8.036001e-05;0.003209528420429899
57;8.036001e-05;0.0031995334865685936
58;8.036001e-05;0.0032087485467072094
59;8.036001e-05;0.0032107806310877392
60;8.036001e-05;0.003189534359345293
61;8.036001e-05;0.0031792709718788804
62;8.036001e-05;0.003183101550721693
63;8.036001e-05;0.0031791613192697927
64;8.036001e-05;0.0031789534438177087
65;8.036001e-05;0.0031712185252215706
66;8.036001e-05;0.0031596602422360566
67;8.036001e-05;0.003163637031055672
68;8.036001e-05;0.003161862151572745
69;8.036001e-05;0.0031559870921289822
70;8.036001e-05;0.0031515949215799445
71;8.036001e-05;0.0031577844979576806
72;8.036001e-05;0.0031614433967325556
73;8.036001e-05;0.0031515819598078873
74;8.036001e-05;0.003144691870195891
75;8.036001e-05;0.003146978309295083
76;8.036001e-05;0.003141633790626397
77;8.036001e-05;0.003140765042354918
78;8.036001e-05;0.0031277178845831163
79;8.036001e-05;0.003131200596579214
80;8.036001e-05;0.00313565162769907
81;8.036001e-05;0.003128571609947113
82;8.036001e-05;0.0031190724101817415
83;8.036001e-05;0.003118628764258615
84;8.036001e-05;0.0031243956621695825
85;8.036001e-05;0.0031284318645832974
86;8.036001e-05;0.003132037328787943
87;8.036001e-05;0.0031351834473900457
88;8.036001e-05;0.0031252709018349547
89;8.036001e-05;0.0031097909566366712
90;8.036001e-05;0.003116940124206683
91;8.036001e-05;0.0031064534823792337
92;8.036001e-05;0.003098301973948268
93;8.036001e-05;0.0031163621997064785
94;8.036001e-05;0.003111368103117673
95;8.036001e-05;0.0031032594669066537
96;8.036001e-05;0.003113698584905149
97;8.036001e-05;0.003112957104690212
98;8.036001e-05;0.0030960130045323475
99;8.036001e-05;0.0030973697702279387
100;8.036001e-05;0.0030983012327492608
101;8.036001e-05;0.003098940891012293
102;8.036001e-05;0.003079731404377251
103;8.036001e-05;0.0030888685109926465
104;8.036001e-05;0.003087895771549522
105;8.036001e-05;0.0030897455655036813
106;8.036001e-05;0.0030806234546911595
107;8.036001e-05;0.00308921450017242
108;8.036001e-05;0.003088161923034098
109;8.036001e-05;0.0030808988538107173
110;8.036001e-05;0.003074845713240371
111;8.036001e-05;0.003075242592672605
112;8.036001e-05;0.003068574914366229
113;8.036001e-05;0.003075578554317047
114;8.036001e-05;0.00307512624734275
115;8.036001e-05;0.0030723074904988445
116;8.036001e-05;0.0030675427934455553
117;8.036001e-05;0.003064718683883867
118;8.036001e-05;0.003062576046950704
119;8.036001e-05;0.0030561053937843675
120;8.036001e-05;0.0030802207305541535
121;8.036001e-05;0.0030721826854577757
122;8.036001e-05;0.003073975456627037
123;8.036001e-05;0.0030597400752998367
124;8.036001e-05;0.0030633733325046513
125;8.036001e-05;0.003055571343972773
126;8.036001e-05;0.0030537037751701902
127;8.036001e-05;0.0030649163144762796
128;8.036001e-05;0.0030520994511641247
129;8.036001e-05;0.0030629890760110867
130;8.036001e-05;0.00306259871965642
131;8.036001e-05;0.0030522198869524487
132;8.036001e-05;0.003049623012691745
133;8.036001e-05;0.0030476175917047124
134;8.036001e-05;0.0030355480207341534
135;8.036001e-05;0.003054277890245277
136;8.036001e-05;0.003039369561460796
137;8.036001e-05;0.00304475705343592
138;8.036001e-05;0.0030416254517554257
139;8.036001e-05;0.0030255029694801192
140;8.036001e-05;0.003035123724549144
141;8.036001e-05;0.003033239469683049
142;8.036001e-05;0.0030377624656661353
143;8.036001e-05;0.0030419449930854416
144;8.036001e-05;0.0030284210734166346
145;8.036001e-05;0.003025458840586991
146;8.036001e-05;0.0030243321653334937
147;8.036001e-05;0.003020886226271288
148;8.036001e-05;0.003022863417688051
149;8.036001e-05;0.0030086203068834553
150;8.036001e-05;0.003019751262190629
151;8.036001e-05;0.003013589333492048
152;8.036001e-05;0.0030154649579928077
153;8.036001e-05;0.0030123578551044736
154;8.036001e-05;0.0030113322936415753
155;8.036001e-05;0.003009112528226104
156;8.036001e-05;0.003018122567655713
157;8.036001e-05;0.003008904675314345
158;8.036001e-05;0.0029984868192806462
159;8.036001e-05;0.0029963150071740225
160;8.036001e-05;0.002992900717176206
161;8.036001e-05;0.0030032229450740197
162;8.036001e-05;0.003002783176619228
163;8.036001e-05;0.0029919814786598074
164;8.036001e-05;0.0029902046537469565
165;8.036001e-05;0.002991663486785134
166;8.036001e-05;0.0029777698553810922
167;8.036001e-05;0.0029697173640196766
168;8.036001e-05;0.0029778464108994257
169;8.036001e-05;0.002962086918007306
170;8.036001e-05;0.002961221721124366
171;8.036001e-05;0.0029722377281036177
172;8.036001e-05;0.002976273582984161
173;8.036001e-05;0.0029717758492789187
174;8.036001e-05;0.0029651571728616334
175;8.036001e-05;0.0029554483376412503
176;8.036001e-05;0.002957443875263813
177;8.036001e-05;0.002946025772739659
178;8.036001e-05;0.002950731228773495
179;8.036001e-05;0.002958728964558782
180;8.036001e-05;0.0029515073426878433
181;8.036001e-05;0.0029643077369126214
182;8.036001e-05;0.0029408218809482026
183;8.036001e-05;0.0029585307926688746
184;8.036001e-05;0.0029407765516091147
185;8.036001e-05;0.0029283546931635355
186;8.036001e-05;0.0029383586823544623
187;8.036001e-05;0.002947303192474033
188;8.036001e-05;0.002930475677650942
189;8.036001e-05;0.0029410248430399243
190;8.036001e-05;0.0029377200505203713
191;8.036001e-05;0.002933757000494247
192;8.036001e-05;0.0029282929610922517
193;8.036001e-05;0.002930070659451247
194;8.036001e-05;0.002916392539378688
195;8.036001e-05;0.0029296200886533676
196;8.036001e-05;0.0029146384051997785
197;8.036001e-05;0.0029219877239199886
198;8.036001e-05;0.0029178421633105755
199;8.036001e-05;0.0029093574310347053
200;8.036001e-05;0.002914034912229218
201;8.036001e-05;0.002910564025568598
202;8.036001e-05;0.0029097755153049774
203;8.036001e-05;0.0029222815676808265
204;8.036001e-05;0.0029061046156009
205;8.036001e-05;0.0029054211563932977
206;8.036001e-05;0.0028932979194028446
207;8.036001e-05;0.002901684690645506
208;8.036001e-05;0.0029011541862548956
209;8.036001e-05;0.0028976178794318597
210;8.036001e-05;0.002884866878200948
211;8.036001e-05;0.0028844915863820023
212;8.036001e-05;0.0028896124186225877
213;8.036001e-05;0.0028857282925994995
214;8.036001e-05;0.0028997284284452483
215;8.036001e-05;0.002891610290656106
216;8.036001e-05;0.0028888474483042786
217;8.036001e-05;0.0028803503608540895
218;8.036001e-05;0.002887995669018926
219;8.036001e-05;0.002875627863137479
220;8.036001e-05;0.002865737158098113
221;8.036001e-05;0.0028664715428096286
222;8.036001e-05;0.0028636121587564145
223;8.036001e-05;0.0028679584713399635
224;8.036001e-05;0.00287464386801201
225;8.036001e-05;0.0028664331348976333
226;8.036001e-05;0.002854613387412014
227;8.036001e-05;0.0028685169356245555
228;8.036001e-05;0.002848928248209919
229;8.036001e-05;0.002849982844717804
230;8.036001e-05;0.002860171215403455
231;8.036001e-05;0.0028514947417074854
232;8.036001e-05;0.002849010636705063
233;8.036001e-05;0.0028530523733197085
234;8.036001e-05;0.002835729077775998
235;8.036001e-05;0.0028379929129423
236;8.036001e-05;0.0028352165912390427
237;8.036001e-05;0.002831857506737309
238;8.036001e-05;0.0028213275149146745
239;8.036001e-05;0.00282969730643736
240;8.036001e-05;0.0028265175582248303
241;8.036001e-05;0.0028250573958877897
242;8.036001e-05;0.0028225785012400404
243;8.036001e-05;0.0028187159705684553
244;8.036001e-05;0.002811751528633787
245;8.036001e-05;0.002818186745291369
246;8.036001e-05;0.002809507379183571
247;8.036001e-05;0.0028063333831705585
248;8.036001e-05;0.0028034123508824107
249;8.036001e-05;0.0027935741855576804
250;8.036001e-05;0.0027950677729110837
251;8.036001e-05;0.0027944552286679617
252;8.036001e-05;0.0027902823616908876
253;8.036001e-05;0.0027935329134262925
254;8.036001e-05;0.002775103022579112
255;8.036001e-05;0.0027733091761902168
256;8.036001e-05;0.0027751197001003977
257;8.036001e-05;0.0027688921264065955
258;8.036001e-05;0.002775498200504974
259;8.036001e-05;0.002756346635742381
260;8.036001e-05;0.0027556256323604147
261;8.036001e-05;0.002746895374115334
262;8.036001e-05;0.0027304557369815722
263;8.036001e-05;0.002747500984157874
264;8.036001e-05;0.0027287821156875345
265;8.036001e-05;0.002728615646620944
266;8.036001e-05;0.0027340691867916906
267;8.036001e-05;0.002713400199436952
268;8.036001e-05;0.002709220482734573
269;8.036001e-05;0.0027168652217280653
270;8.036001e-05;0.002703666078886316
271;8.036001e-05;0.0026971094933102477
272;8.036001e-05;0.0026888206345086797
273;8.036001e-05;0.00267747413392279
274;8.036001e-05;0.002681835897660847
275;8.036001e-05;0.002668164106030609
276;8.036001e-05;0.002673556919167616
277;8.036001e-05;0.0026632395143435937
278;8.036001e-05;0.0026417931341288638
279;8.036001e-05;0.0026442791301048854
280;8.036001e-05;0.0026353479418824116
281;8.036001e-05;0.0026047478378821575
282;8.036001e-05;0.0026242553653107546
283;8.036001e-05;0.002595739027334031
284;8.036001e-05;0.0025912846366714266
285;8.036001e-05;0.0025863688020768775
286;8.036001e-05;0.0025698757487145826
287;8.036001e-05;0.0025739854881035138
288;8.036001e-05;0.0025543623172458625
289;8.036001e-05;0.002529615482230059
290;8.036001e-05;0.002510744870495646
291;8.036001e-05;0.002523815245431599
292;8.036001e-05;0.0025073453702703337
293;8.036001e-05;0.002497888492126581
294;8.036001e-05;0.002477735964255877
295;8.036001e-05;0.002472617619164349
296;8.036001e-05;0.002455715325176293
297;8.036001e-05;0.0024418461448884416
298;8.036001e-05;0.0024304709662130407
299;8.036001e-05;0.0024215581973346064
300;8.036001e-05;0.0024213521419164854
301;8.036001e-05;0.002391083056645187
302;8.036001e-05;0.002386315452916409
303;8.036001e-05;0.002364664274342932
304;8.036001e-05;0.002356046017754225
305;8.036001e-05;0.0023593083843227976
306;8.036001e-05;0.00234660439121275
307;8.036001e-05;0.002326317393419733
308;8.036001e-05;0.002313456046125471
309;8.036001e-05;0.0023014753894064627
310;8.036001e-05;0.002293770405480563
311;8.036001e-05;0.002291099773968081
312;8.036001e-05;0.0022879354395774357
313;8.036001e-05;0.0022754414631198845
314;8.036001e-05;0.0022779543032586383
315;8.036001e-05;0.002257827981991445
316;8.036001e-05;0.002250798544946388
317;8.036001e-05;0.0022388701830478135
318;8.036001e-05;0.0022468421091114367
319;8.036001e-05;0.002228574627675682
320;8.036001e-05;0.002228339920638628
321;8.036001e-05;0.002243043269451046
322;8.036001e-05;0.0022145991832428972
323;8.036001e-05;0.0022102884055888185
324;8.036001e-05;0.002213112248839144
325;8.036001e-05;0.0022009398033596824
326;8.036001e-05;0.002197207964617218
327;8.036001e-05;0.002201145079379434
328;8.036001e-05;0.002184991429484311
329;8.036001e-05;0.002180251011277485
330;8.036001e-05;0.002183674450227952
331;8.036001e-05;0.0021757773350998505
332;8.036001e-05;0.0021787760429665976
333;8.036001e-05;0.0021684932245864498
334;8.036001e-05;0.0021686301847689883
335;8.036001e-05;0.002160357759644362
336;8.036001e-05;0.0021630350723689474
337;8.036001e-05;0.0021493443939238207
338;8.036001e-05;0.0021415792382500176
339;8.036001e-05;0.0021350233489243016
340;8.036001e-05;0.0021487866863769724
341;8.036001e-05;0.0021370777582386006
342;8.036001e-05;0.0021304582756470824
343;8.036001e-05;0.0021321942715277283
344;8.036001e-05;0.0021242721644907894
345;8.036001e-05;0.0021232741128003447
346;8.036001e-05;0.002124699746313698
347;8.036001e-05;0.0021192405972762624
348;8.036001e-05;0.00211508059502895
349;8.036001e-05;0.002109948734331767
0;4.0180006e-05;0.04696568399585976
1;4.0180006e-05;0.04634863936053094
2;4.0180006e-05;0.046360111584632
3;4.0180006e-05;0.04635824038477151
4;4.0180006e-05;0.04636092572652234
5;4.0180006e-05;0.0463628347097782
6;4.0180006e-05;0.046362650842984826
7;4.0180006e-05;0.04636694188864018
8;4.0180006e-05;0.04635756400226559
9;4.0180006e-05;0.04635202339385603
10;4.0180006e-05;0.04635905622091454
11;4.0180006e-05;0.04635479387412448
12;4.0180006e-05;0.046364291244137365
13;4.0180006e-05;0.046354743945404106
14;4.0180006e-05;0.04636455727141832
15;4.0180006e-05;0.04635830712753532
16;4.0180006e-05;0.04635509242882303
17;4.0180006e-05;0.04636429307384308
18;4.0180006e-05;0.04636135099550051
19;4.0180006e-05;0.04636447748668643
20;4.0180006e-05;0.04636183873709032
21;4.0180006e-05;0.046356000327089426
22;4.0180006e-05;0.04635941405985378
23;4.0180006e-05;0.0463593621082067
24;4.0180006e-05;0.04636007076745933
25;4.0180006e-05;0.04635537004276596
26;4.0180006e-05;0.04635526494326086
27;4.0180006e-05;0.046361790799907245
28;4.0180006e-05;0.046353449782147664
29;4.0180006e-05;0.04636452450589379
30;4.0180006e-05;0.04636052996329936
31;4.0180006e-05;0.04636237567240483
32;4.0180006e-05;0.04635976363522299
33;4.0180006e-05;0.046360498321410946
34;4.0180006e-05;0.046354749898189884
35;4.0180006e-05;0.04635873920992508
36;4.0180006e-05;0.04635546657167946
37;4.0180006e-05;0.04636234277922945
38;4.0180006e-05;0.04635773678713235
39;4.0180006e-05;0.04635605236738579
40;4.0180006e-05;0.046351122041874644
41;4.0180006e-05;0.046359512575992454
42;4.0180006e-05;0.04636058998166103
43;4.0180006e-05;0.04636346034069527
44;4.0180006e-05;0.04635592578329225
45;4.0180006e-05;0.046364456065995915
46;4.0180006e-05;0.04635704741096358
47;4.0180006e-05;0.0463563720747689
48;4.0180006e-05;0.04635344320142639
49;4.0180006e-05;0.04635920557702939
50;4.0180006e-05;0.04636108945597221
51;4.0180006e-05;0.04636182482613293
52;4.0180006e-05;0.04635927864804739
53;4.0180006e-05;0.04635466299624769
54;4.0180006e-05;0.046362889963143056
55;4.0180006e-05;0.04635777084687925
56;4.0180006e-05;0.04636180286380806
57;4.0180006e-05;0.046357164035031255
58;4.0180006e-05;0.04635817790290765
59;4.0180006e-05;0.04636171150582713
60;4.0180006e-05;0.046358552254633874
61;4.0180006e-05;0.046354948329827284
62;4.0180006e-05;0.0463636560059626
63;4.0180006e-05;0.04635449725929774
64;4.0180006e-05;0.046362209449951335
65;4.0180006e-05;0.046359074065781776
66;4.0180006e-05;0.04635802105765033
67;4.0180006e-05;0.0463625100738471
68;4.0180006e-05;0.04636059920255625
69;4.0180006e-05;0.04635855280201462
70;4.0180006e-05;0.046366138384494555
71;4.0180006e-05;0.046358283588327304
72;4.0180006e-05;0.046359674596436584
73;4.0180006e-05;0.04635744934149966
74;4.0180006e-05;0.0463490082536635
75;4.0180006e-05;0.04635807781726704
76;4.0180006e-05;0.04636362369284312
77;4.0180006e-05;0.04635633816585487
78;4.0180006e-05;0.04635608946585418
79;4.0180006e-05;0.046360219135718514
80;4.0180006e-05;0.04635756070493537
81;4.0180006e-05;0.046354442292679515
82;4.0180006e-05;0.04636183385827424
83;4.0180006e-05;0.046354772993852156
84;4.0180006e-05;0.046358222066066594
85;4.0180006e-05;0.046360105599627124
86;4.0180006e-05;0.046345178506125156
87;4.0180006e-05;0.04635607755274705
88;4.0180006e-05;0.046358908288978935
89;4.0180006e-05;0.04635491778115209
90;4.0180006e-05;0.04635421475604928
91;4.0180006e-05;0.046357044453725335
92;4.0180006e-05;0.0463570832573545
93;4.0180006e-05;0.046359622496379614
94;4.0180006e-05;0.04635946389190754
95;4.0180006e-05;0.046356830655957734
96;4.0180006e-05;0.04636119646111633
97;4.0180006e-05;0.046357899681500614
98;4.0180006e-05;0.046359768619405974
99;4.0180006e-05;0.046359940438560676
100;4.0180006e-05;0.046351621795104554
101;4.0180006e-05;0.04635715338534938
102;4.0180006e-05;0.04636165899381671
103;4.0180006e-05;0.04635265195773009
104;4.0180006e-05;0.04635843885768377
105;4.0180006e-05;0.04635788160782076
106;4.0180006e-05;0.046334915266016616
107;4.0180006e-05;0.04636623494451155
108;4.0180006e-05;0.04635517731950437
109;4.0180006e-05;0.04635438643516694
110;4.0180006e-05;0.04636051286433238
111;4.0180006e-05;0.04635312484965873
112;4.0180006e-05;0.046357233435697
113;4.0180006e-05;0.04635970351813189
114;4.0180006e-05;0.046353357884174204
115;4.0180006e-05;0.04635898077927682
116;4.0180006e-05;0.046355193753757316
117;4.0180006e-05;0.04635219792249221
118;4.0180006e-05;0.04636051324800876
119;4.0180006e-05;0.04636192142141879
120;4.0180006e-05;0.04635654706587627
121;4.0180006e-05;0.04636457462941618
122;4.0180006e-05;0.04636154166926914
123;4.0180006e-05;0.04635875817220259
124;4.0180006e-05;0.04634173542759715
125;4.0180006e-05;0.0463668422296593
126;4.0180006e-05;0.046360441273627956
127;4.0180006e-05;0.046361147889129345
128;4.0180006e-05;0.046360956696440636
129;4.0180006e-05;0.04636084614151326
130;4.0180006e-05;0.046355073807208144
131;4.0180006e-05;0.04636232934280202
132;4.0180006e-05;0.046358812095449425
133;4.0180006e-05;0.04636036466009096
134;4.0180006e-05;0.04635780733463027
135;4.0180006e-05;0.04635203883914004
136;4.0180006e-05;0.04635378750952617
137;4.0180006e-05;0.04635983247317725
138;4.0180006e-05;0.04636201762186174
139;4.0180006e-05;0.04635175331790576
140;4.0180006e-05;0.046358990647187334
141;4.0180006e-05;0.046354294445078124
142;4.0180006e-05;0.04636528547263483
143;4.0180006e-05;0.04636105572100292
144;4.0180006e-05;0.046359092866369786
145;4.0180006e-05;0.046360319947401925
146;4.0180006e-05;0.046356159533817144
147;4.0180006e-05;0.04636279440681998
148;4.0180006e-05;0.046359892868869004
149;4.0180006e-05;0.046353099106967534
150;4.0180006e-05;0.04635803912389752
151;4.0180006e-05;0.046361958335160644
152;4.0180006e-05;0.04636247582280169
153;4.0180006e-05;0.046361789589896896
154;4.0180006e-05;0.04635682231665318
155;4.0180006e-05;0.04636165937362123
156;4.0180006e-05;0.04636419851383271
157;4.0180006e-05;0.046354050473215
158;4.0180006e-05;0.04635995673502181
159;4.0180006e-05;0.04635939338842553
160;4.0180006e-05;0.046354964392990014
161;4.0180006e-05;0.04636160443465913
162;4.0180006e-05;0.046358419747632516
163;4.0180006e-05;0.04636182130767067
164;4.0180006e-05;0.046360224382640515
165;4.0180006e-05;0.046359980994818584
166;4.0180006e-05;0.04635395469311705
167;4.0180006e-05;0.04636190923925325
168;4.0180006e-05;0.04635186675904251
169;4.0180006e-05;0.04636544279632321
170;4.0180006e-05;0.04636293014283332
171;4.0180006e-05;0.046359343462043935
172;4.0180006e-05;0.04635921486302233
173;4.0180006e-05;0.046353653849993015
174;4.0180006e-05;0.046367510002946255
175;4.0180006e-05;0.04635327747254056
176;4.0180006e-05;0.04635562325731008
177;4.0180006e-05;0.04636281328219704
178;4.0180006e-05;0.04635615726081828
179;4.0180006e-05;0.04635686690673847
180;4.0180006e-05;0.046352413566720575
181;4.0180006e-05;0.046360142628979764
182;4.0180006e-05;0.046363327790204224
183;4.0180006e-05;0.046361192772257274
184;4.0180006e-05;0.046351407465834216
185;4.0180006e-05;0.046354865332700466
186;4.0180006e-05;0.04635667159248523
187;4.0180006e-05;0.046358298383326405
188;4.0180006e-05;0.04635131171924636
189;4.0180006e-05;0.04636047733942022
190;4.0180006e-05;0.04635206732183619
191;4.0180006e-05;0.046350684016774585
192;4.0180006e-05;0.04636674843403844
193;4.0180006e-05;0.04636010136753165
194;4.0180006e-05;0.046359952943431655
195;4.0180006e-05;0.04635532917159778
196;4.0180006e-05;0.04634548625734412
197;4.0180006e-05;0.04636027274319674
198;4.0180006e-05;0.046360527900416865
199;4.0180006e-05;0.04635669551376638
200;4.0180006e-05;0.04635674902798324
201;4.0180006e-05;0.046360175806654205
202;4.0180006e-05;0.046358403326144666
203;4.0180006e-05;0.04636245758501871
204;4.0180006e-05;0.04634801121310547
205;4.0180006e-05;0.04636427781409014
206;4.0180006e-05;0.04636747935071905
207;4.0180006e-05;0.04635427789320305
208;4.0180006e-05;0.04635658744273072
209;4.0180006e-05;0.04635727170300085
210;4.0180006e-05;0.046359949347644515
211;4.0180006e-05;0.046353007758133585
212;4.0180006e-05;0.046361345110324303
213;4.0180006e-05;0.046363104150238706
214;4.0180006e-05;0.046357154183651265
215;4.0180006e-05;0.04635860734881874
216;4.0180006e-05;0.046359894102437335
217;4.0180006e-05;0.04635837580456486
218;4.0180006e-05;0.046360564263927
219;4.0180006e-05;0.04635091819251851
220;4.0180006e-05;0.04635904468352374
221;4.0180006e-05;0.046362559052403655
222;4.0180006e-05;0.046357916248797634
223;4.0180006e-05;0.04635510392317085
224;4.0180006e-05;0.04635670588286899
225;4.0180006e-05;0.04634381710723889
226;4.0180006e-05;0.04635644028830988
227;4.0180006e-05;0.04636190497048564
228;4.0180006e-05;0.046359296853302555
229;4.0180006e-05;0.0463597411261278
230;4.0180006e-05;0.04636186310085073
231;4.0180006e-05;0.04636351523489771
232;4.0180006e-05;0.04635732786565459
233;4.0180006e-05;0.04635356567405895
234;4.0180006e-05;0.046352348218976054
235;4.0180006e-05;0.046359397341326304
236;4.0180006e-05;0.046358473485685066
237;4.0180006e-05;0.046363918270235685
238;4.0180006e-05;0.04636106165607943
239;4.0180006e-05;0.04635877549910865
240;4.0180006e-05;0.04635748739778437
241;4.0180006e-05;0.04635898234064914
242;4.0180006e-05;0.04635981745692449
243;4.0180006e-05;0.04636507467156077
244;4.0180006e-05;0.046354390165953385
245;4.0180006e-05;0.04636222879999459
246;4.0180006e-05;0.04636002782814873
247;4.0180006e-05;0.04635989734380512
248;4.0180006e-05;0.04635542573269996
249;4.0180006e-05;0.04636057784339447
250;4.0180006e-05;0.04635444582075651
251;4.0180006e-05;0.04635810194104013
252;4.0180006e-05;0.04636031952031187
253;4.0180006e-05;0.04635975870507527
254;4.0180006e-05;0.046361744931609154
255;4.0180006e-05;0.046353222738413864
256;4.0180006e-05;0.046361092735050555
257;4.0180006e-05;0.046360367837600586
258;4.0180006e-05;0.046359452152492556
259;4.0180006e-05;0.046361973776599695
260;4.0180006e-05;0.04636087523660134
261;4.0180006e-05;0.04635635650907492
262;4.0180006e-05;0.0463557032525419
263;4.0180006e-05;0.046363152810360436
264;4.0180006e-05;0.046352050289902275
265;4.0180006e-05;0.04635498315250897
266;4.0180006e-05;0.04635844143354116
267;4.0180006e-05;0.046363092437078916
268;4.0180006e-05;0.04635836923011387
269;4.0180006e-05;0.04635358732948855
270;4.0180006e-05;0.0463601356346679
271;4.0180006e-05;0.04635361571395109
272;4.0180006e-05;0.04634947374712901
273;4.0180006e-05;0.04635552705160954
274;4.0180006e-05;0.046348880186893045
275;4.0180006e-05;0.046352382135561296
276;4.0180006e-05;0.046362472700562214
277;4.0180006e-05;0.04634914908869413
278;4.0180006e-05;0.04636294339158267
279;4.0180006e-05;0.04635561443357783
280;4.0180006e-05;0.04634706802141626
281;4.0180006e-05;0.04635376240280886
282;4.0180006e-05;0.04636097146579731
283;4.0180006e-05;0.04635958423467481
284;4.0180006e-05;0.046360852157371374
285;4.0180006e-05;0.04635844726905563
286;4.0180006e-05;0.04636111470865772
287;4.0180006e-05;0.04635951930659705
288;4.0180006e-05;0.04635439166350029
289;4.0180006e-05;0.04635956913125556
290;4.0180006e-05;0.04635867278880491
291;4.0180006e-05;0.04635175453397999
292;4.0180006e-05;0.0463621078159514
293;4.0180006e-05;0.04635250100449694
294;4.0180006e-05;0.04635731353375581
295;4.0180006e-05;0.04635782529661447
296;4.0180006e-05;0.04636180227037432
297;4.0180006e-05;0.04636137948188259
298;4.0180006e-05;0.04635632544880471
299;4.0180006e-05;0.04635086541358733
300;4.0180006e-05;0.04636278354522438
301;4.0180006e-05;0.0463582981529281
302;4.0180006e-05;0.04635893611920107
303;4.0180006e-05;0.04635756972749702
304;4.0180006e-05;0.046361176900512335
305;4.0180006e-05;0.04636102572000549
306;4.0180006e-05;0.04635878970755003
307;4.0180006e-05;0.046359790881291676
308;4.0180006e-05;0.04635963617420465
309;4.0180006e-05;0.046351632891737445
310;4.0180006e-05;0.04636424914490869
311;4.0180006e-05;0.04636477443765259
312;4.0180006e-05;0.046358903164525025
313;4.0180006e-05;0.04636173524905196
314;4.0180006e-05;0.0463523021857814
315;4.0180006e-05;0.04635738916242142
316;4.0180006e-05;0.04635203632911007
317;4.0180006e-05;0.046364191189490325
318;4.0180006e-05;0.04635509300842053
319;4.0180006e-05;0.046360417210494866
320;4.0180006e-05;0.04635193861115167
321;4.0180006e-05;0.04635881760689727
322;4.0180006e-05;0.046358555638510796
323;4.0180006e-05;0.04634309575697612
324;4.0180006e-05;0.046351963095527866
325;4.0180006e-05;0.04635670750184089
326;4.0180006e-05;0.04635861931142389
327;4.0180006e-05;0.04636049791933185
328;4.0180006e-05;0.046358772064454386
329;4.0180006e-05;0.04635286969449206
330;4.0180006e-05;0.046361280854436505
331;4.0180006e-05;0.04635676707259201
332;4.0180006e-05;0.04636212883424942
333;4.0180006e-05;0.04636214236188008
334;4.0180006e-05;0.04635850532450846
335;4.0180006e-05;0.04636034843474758
336;4.0180006e-05;0.04635978167528515
337;4.0180006e-05;0.04636241931045059
338;4.0180006e-05;0.04635159911896404
339;4.0180006e-05;0.04635618410088339
340;4.0180006e-05;0.046361501914606126
341;4.0180006e-05;0.046354289402388116
342;4.0180006e-05;0.04636364666885319
343;4.0180006e-05;0.04635607451628015
344;4.0180006e-05;0.04636215285462953
345;4.0180006e-05;0.0463576064409454
346;4.0180006e-05;0.04635783983541379
347;4.0180006e-05;0.04635893048103322
348;4.0180006e-05;0.04636218593551573
349;4.0180006e-05;0.04635641385828977
0;4.0180006e-05;0.029929242000375843
1;8.036001e-05;0.011065709609365808
2;8.036001e-05;0.010494068309492862
3;8.036001e-05;0.010318408753914715
4;8.036001e-05;0.010213633056471588
5;8.036001e-05;0.010099592138856694
6;8.036001e-05;0.009914450116199654
7;8.036001e-05;0.00943412421355186
8;8.036001e-05;0.008318271819121951
9;8.036001e-05;0.00707265258998807
10;8.036001e-05;0.006379236211092199
11;8.036001e-05;0.0060509578671979645
12;8.036001e-05;0.005855147381658508
13;8.036001e-05;0.005721183944565633
14;8.036001e-05;0.0056309247042513385
15;8.036001e-05;0.005519262559285434
16;8.036001e-05;0.005416592295371976
17;8.036001e-05;0.005323454100758542
18;8.036001e-05;0.005208190810205695
19;8.036001e-05;0.005126340263516005
20;8.036001e-05;0.005014347829086653
21;8.036001e-05;0.004946400041357691
22;8.036001e-05;0.004838128908916979
23;8.036001e-05;0.004753568727110531
24;8.036001e-05;0.004664598237428621
25;8.036001e-05;0.004558757230920154
26;8.036001e-05;0.004416217175669753
27;8.036001e-05;0.004200657673160093
28;8.036001e-05;0.003937927084723729
29;8.036001e-05;0.003767458850756606
30;8.036001e-05;0.003663444512744506
31;8.036001e-05;0.0036009148832535035
32;8.036001e-05;0.0035495566849638852
33;8.036001e-05;0.0035278868942183626
34;8.036001e-05;0.0035067860721522772
35;8.036001e-05;0.0034746845370948578
36;8.036001e-05;0.003447105149757276
37;8.036001e-05;0.0034411873425613596
38;8.036001e-05;0.003413389785122267
39;8.036001e-05;0.003412060954936566
40;8.036001e-05;0.003388872790749522
41;8.036001e-05;0.003369398463669294
42;8.036001e-05;0.0033723403633655817
43;8.036001e-05;0.0033534246756142016
44;8.036001e-05;0.0033453979896913683
45;8.036001e-05;0.0033268846411932196
46;8.036001e-05;0.0033080437646977015
47;8.036001e-05;0.003293577326591457
48;8.036001e-05;0.0032737095556605324
49;8.036001e-05;0.003274791668110071
50;8.036001e-05;0.003245720802879931
51;8.036001e-05;0.0032462197249342965
52;8.036001e-05;0.0032288500180592565
53;8.036001e-05;0.0032166710090791384
54;8.036001e-05;0.0032136307993220607
55;8.036001e-05;0.003200211963465114
56;8.036001e-05;0.003193924757351866
57;8.036001e-05;0.0031914581571348024
58;8.036001e-05;0.003186239691421328
59;8.036001e-05;0.0031824703685359008
60;8.036001e-05;0.003181092484220875
61;8.036001e-05;0.003186235864973059
62;8.036001e-05;0.0031691091789911715
63;8.036001e-05;0.003168967329753647
64;8.036001e-05;0.0031578199841020135
65;8.036001e-05;0.003168722442470659
66;8.036001e-05;0.0031578429714372042
67;8.036001e-05;0.003163284564314525
68;8.036001e-05;0.0031656874341899374
69;8.036001e-05;0.0031446457716228626
70;8.036001e-05;0.0031429102495136767
71;8.036001e-05;0.0031490177426317977
72;8.036001e-05;0.00313281323199925
73;8.036001e-05;0.0031320595139976287
74;8.036001e-05;0.0031217377021242085
75;8.036001e-05;0.0031361739424389545
76;8.036001e-05;0.003127598442521391
77;8.036001e-05;0.003124277616913241
78;8.036001e-05;0.003131157970938747
79;8.036001e-05;0.0031178170523785695
80;8.036001e-05;0.003119442808410506
81;8.036001e-05;0.0031111463970754033
82;8.036001e-05;0.0031071385456340793
83;8.036001e-05;0.003097001858068298
84;8.036001e-05;0.003097993670332741
85;8.036001e-05;0.003102024425197333
86;8.036001e-05;0.0030958497115740075
87;8.036001e-05;0.003102718997721978
88;8.036001e-05;0.0030857151162272623
89;8.036001e-05;0.0030993619415802397
90;8.036001e-05;0.003087539270896207
91;8.036001e-05;0.0030810421996770275
92;8.036001e-05;0.0030702629472199403
93;8.036001e-05;0.0030797383764390946
94;8.036001e-05;0.0030759622554101017
95;8.036001e-05;0.0030760755084052564
96;8.036001e-05;0.0030683587660499164
97;8.036001e-05;0.0030654559075310567
98;8.036001e-05;0.0030738005621443413
99;8.036001e-05;0.003056342226621159
100;8.036001e-05;0.0030660527094151665
101;8.036001e-05;0.003059236326301358
102;8.036001e-05;0.0030625678956542847
103;8.036001e-05;0.0030665938990264993
104;8.036001e-05;0.003059702942086618
105;8.036001e-05;0.003050935366626007
106;8.036001e-05;0.0030642024775974857
107;8.036001e-05;0.003053227967449628
108;8.036001e-05;0.0030474709585528296
109;8.036001e-05;0.0030474546327127683
110;8.036001e-05;0.0030575530427796455
111;8.036001e-05;0.0030352430322747592
112;8.036001e-05;0.0030397755440935256
113;8.036001e-05;0.0030516975631534296
114;8.036001e-05;0.003044745796398104
115;8.036001e-05;0.0030394009276813955
116;8.036001e-05;0.0030241151248550624
117;8.036001e-05;0.0030291917619403785
118;8.036001e-05;0.003033800545393661
119;8.036001e-05;0.0030194622987796764
120;8.036001e-05;0.00301750106947248
121;8.036001e-05;0.003018400487305211
122;8.036001e-05;0.0030138763811773167
123;8.036001e-05;0.003002583769650352
124;8.036001e-05;0.003006101638951002
125;8.036001e-05;0.0030136704096704603
126;8.036001e-05;0.003006712305973672
127;8.036001e-05;0.0029975672976814637
128;8.036001e-05;0.002998744298885262
129;8.036001e-05;0.003006503122965671
130;8.036001e-05;0.0029916236618358107
131;8.036001e-05;0.0029903285032849072
132;8.036001e-05;0.0029905641190588967
133;8.036001e-05;0.0029784099500720714
134;8.036001e-05;0.0029782438730760466
135;8.036001e-05;0.002976661520058729
136;8.036001e-05;0.0029722527953062105
137;8.036001e-05;0.002974237421704757
138;8.036001e-05;0.0029708325930107612
139;8.036001e-05;0.0029720986222198957
140;8.036001e-05;0.0029615433641703433
141;8.036001e-05;0.0029638069711452725
142;8.036001e-05;0.002946598027707031
143;8.036001e-05;0.0029513207822582507
144;8.036001e-05;0.0029494538045265104
145;8.036001e-05;0.002950150153130447
146;8.036001e-05;0.0029464826654093373
147;8.036001e-05;0.0029437950733967157
148;8.036001e-05;0.0029277191308566685
149;8.036001e-05;0.0029373112562996635
150;8.036001e-05;0.0029259548447397375
151;8.036001e-05;0.0029401206293026196
152;8.036001e-05;0.002923985215078847
153;8.036001e-05;0.0029275798513435087
154;8.036001e-05;0.002914232477086739
155;8.036001e-05;0.0029126983822681694
156;8.036001e-05;0.002925691046438807
157;8.036001e-05;0.0029097583071661815
158;8.036001e-05;0.002901854504300367
159;8.036001e-05;0.002909782108706259
160;8.036001e-05;0.0028934179232975397
161;8.036001e-05;0.0028899846386677614
162;8.036001e-05;0.002888765050154707
163;8.036001e-05;0.002883452031907811
164;8.036001e-05;0.0028758568459905805
165;8.036001e-05;0.0028726086231922066
166;8.036001e-05;0.0028735658692451583
167;8.036001e-05;0.0028698289664373638
168;8.036001e-05;0.002864609242579174
169;8.036001e-05;0.002866377415527689
170;8.036001e-05;0.0028597593757507013
171;8.036001e-05;0.002860219510406188
172;8.036001e-05;0.002852782185527612
173;8.036001e-05;0.002845274897265386
174;8.036001e-05;0.002854461513410636
175;8.036001e-05;0.0028406009451842464
176;8.036001e-05;0.0028408739743912745
177;8.036001e-05;0.0028222607884255888
178;8.036001e-05;0.0028169037942417582
179;8.036001e-05;0.002816802752625162
180;8.036001e-05;0.002816168755697688
181;8.036001e-05;0.002810347096982313
182;8.036001e-05;0.0027963833471857063
183;8.036001e-05;0.0028109093966120556
184;8.036001e-05;0.002795689793382101
185;8.036001e-05;0.0027916640869657537
186;8.036001e-05;0.002768640860839018
187;8.036001e-05;0.0027838241289518256
188;8.036001e-05;0.0027743611452849203
189;8.036001e-05;0.002766067572912387
190;8.036001e-05;0.002764637287984839
191;8.036001e-05;0.0027459809495517604
192;8.036001e-05;0.0027478001238316653
193;8.036001e-05;0.0027340026104236107
194;8.036001e-05;0.002735482174665715
195;8.036001e-05;0.0027320491051776247
196;8.036001e-05;0.0027185121366924752
197;8.036001e-05;0.0027139235797090802
198;8.036001e-05;0.0027074053702271636
199;8.036001e-05;0.0026972638919323918
200;8.036001e-05;0.0026891429815875333
201;8.036001e-05;0.0026899680263386895
202;8.036001e-05;0.0026763913832205805
203;8.036001e-05;0.002660853032027149
204;8.036001e-05;0.0026612148706712142
205;8.036001e-05;0.0026458998136444875
206;8.036001e-05;0.002628322274304509
207;8.036001e-05;0.0026256957294797487
208;8.036001e-05;0.0026037994641894546
209;8.036001e-05;0.002608202241315404
210;8.036001e-05;0.0025879205058214573
211;8.036001e-05;0.002575078480854834
212;8.036001e-05;0.002566532305518843
213;8.036001e-05;0.0025690160803517395
214;8.036001e-05;0.002544665130419217
215;8.036001e-05;0.0025259927799606316
216;8.036001e-05;0.002516695204270155
217;8.036001e-05;0.002509169652933483
218;8.036001e-05;0.0024973135507711723
219;8.036001e-05;0.0024834135539001014
220;8.036001e-05;0.0024740958285287464
221;8.036001e-05;0.002474848421400641
222;8.036001e-05;0.0024537831711026544
223;8.036001e-05;0.002441648300913984
224;8.036001e-05;0.002432258456314635
225;8.036001e-05;0.0024325755118027544
226;8.036001e-05;0.0024141009769742434
227;8.036001e-05;0.00239718386426012
228;8.036001e-05;0.0023951995642595178
229;8.036001e-05;0.002377186982371119
230;8.036001e-05;0.0023693665973201997
231;8.036001e-05;0.002355616099976617
232;8.036001e-05;0.0023588910316236357
233;8.036001e-05;0.002344697160692632
234;8.036001e-05;0.0023363884234165505
235;8.036001e-05;0.0023233155257205177
236;8.036001e-05;0.002319930758938494
237;8.036001e-05;0.0023170766945232986
238;8.036001e-05;0.0023055002950149177
239;8.036001e-05;0.0022951692908192
240;8.036001e-05;0.0022850148422802713
241;8.036001e-05;0.002278617761621349
242;8.036001e-05;0.002283863149070422
243;8.036001e-05;0.0022678222726359373
244;8.036001e-05;0.0022628161397554576
245;8.036001e-05;0.0022552611048380394
246;8.036001e-05;0.0022440937267040498
247;8.036001e-05;0.002238527015902965
248;8.036001e-05;0.002246190355979596
249;8.036001e-05;0.002239110189083079
250;8.036001e-05;0.0022282483873546366
251;8.036001e-05;0.0022210986828640183
252;8.036001e-05;0.00221862132341051
253;8.036001e-05;0.0022116865759549895
254;8.036001e-05;0.002212615699075633
255;8.036001e-05;0.002198206994361192
256;8.036001e-05;0.002199768852769646
257;8.036001e-05;0.002186674591735166
258;8.036001e-05;0.0021848902683767454
259;8.036001e-05;0.002190224535348325
260;8.036001e-05;0.0021812718371412134
261;8.036001e-05;0.002182564363278103
262;8.036001e-05;0.002181772622376748
263;8.036001e-05;0.0021739427026204357
264;8.036001e-05;0.002180904850511856
265;8.036001e-05;0.002164563389955262
266;8.036001e-05;0.002159205112410968
267;8.036001e-05;0.0021695891624985363
268;8.036001e-05;0.002163061685493494
269;8.036001e-05;0.0021574057592340314
270;8.036001e-05;0.0021571100045661364
271;8.036001e-05;0.0021435581957191196
272;8.036001e-05;0.0021433679584655606
273;8.036001e-05;0.0021367409520869425
274;8.036001e-05;0.0021448512465287685
275;8.036001e-05;0.002140259291974286
276;8.036001e-05;0.002150111094911076
277;8.036001e-05;0.0021330714247864706
278;8.036001e-05;0.00214228527919384
279;8.036001e-05;0.0021350137931603493
280;8.036001e-05;0.0021340152827704468
281;8.036001e-05;0.002131448317962187
282;8.036001e-05;0.0021247800964393623
283;8.036001e-05;0.0021230047484918956
284;8.036001e-05;0.0021225644032473894
285;8.036001e-05;0.0021197498871004246
286;8.036001e-05;0.002108398322138512
287;8.036001e-05;0.0021225447104908316
288;8.036001e-05;0.0021191142637960194
289;8.036001e-05;0.002117208720651394
290;8.036001e-05;0.002122187563004505
291;8.036001e-05;0.002112159492257923
292;8.036001e-05;0.002111244529196416
293;8.036001e-05;0.002106366165698872
294;8.036001e-05;0.0021010100145536295
295;8.036001e-05;0.002100935863105623
296;8.036001e-05;0.002106909523606309
297;8.036001e-05;0.0021053656048414704
298;8.036001e-05;0.002099699783764804
299;8.036001e-05;0.0020890817685810226
300;8.036001e-05;0.0020983214341389433
301;8.036001e-05;0.0020962807178158973
302;8.036001e-05;0.002092096828108958
303;8.036001e-05;0.002088970119256055
304;8.036001e-05;0.0020940074037944416
305;8.036001e-05;0.002088390187730957
306;8.036001e-05;0.0020938241176201777
307;8.036001e-05;0.0020939420211808406
308;8.036001e-05;0.0020909362641229477
309;8.036001e-05;0.0020888118758621444
310;8.036001e-05;0.002089363619081458
311;8.036001e-05;0.0020903554705404156
312;8.036001e-05;0.0020790538286122725
313;8.036001e-05;0.0020872334408047516
314;8.036001e-05;0.002080912789312224
315;8.036001e-05;0.0020809866912516435
316;8.036001e-05;0.002082664721500677
317;8.036001e-05;0.0020758482591303686
318;8.036001e-05;0.0020733314455406737
319;8.036001e-05;0.0020707267615302383
320;8.036001e-05;0.002075548894150095
321;8.036001e-05;0.0020706208607363316
322;8.036001e-05;0.002070337006632443
323;8.036001e-05;0.002067040174094424
324;8.036001e-05;0.0020689552939835033
325;8.036001e-05;0.0020640482181514585
326;8.036001e-05;0.002061403565647943
327;8.036001e-05;0.0020645568285696304
328;8.036001e-05;0.0020602174508991154
329;8.036001e-05;0.002058286753273511
330;8.036001e-05;0.002061163645970493
331;8.036001e-05;0.002061048197722919
332;8.036001e-05;0.0020545060127112416
333;8.036001e-05;0.002048775557324623
334;8.036001e-05;0.002056599958924722
335;8.036001e-05;0.002051189452506729
336;8.036001e-05;0.002040849816187824
337;8.036001e-05;0.002043115883660123
338;8.036001e-05;0.0020430497458637773
339;8.036001e-05;0.00203766792636406
340;8.036001e-05;0.00203930398970391
341;8.036001e-05;0.0020384452684456844
342;8.036001e-05;0.0020260775903041713
343;8.036001e-05;0.0020250987140332678
344;8.036001e-05;0.0020189529679470195
345;8.036001e-05;0.0020250112526942407
346;8.036001e-05;0.0020231724866593428
347;8.036001e-05;0.0020228668829491473
348;8.036001e-05;0.00202335842844909
349;8.036001e-05;0.0020145922139873686
0;7.1901064e-05;0.02820150490170133
0;7.1901064e-05;0.027789319717354367
1;7.1901064e-05;0.01096713046387816
2;7.1901064e-05;0.010594090832661671
3;7.1901064e-05;0.010454452943818878
4;7.1901064e-05;0.010319050139501127
5;7.1901064e-05;0.00988257040246964
6;7.1901064e-05;0.008608434095991779
7;7.1901064e-05;0.007153983797546827
8;7.1901064e-05;0.00647696675854997
9;7.1901064e-05;0.0061589625358223436
10;7.1901064e-05;0.0059941808664668375
11;7.1901064e-05;0.0058698805400880585
12;7.1901064e-05;0.005751731593569392
13;7.1901064e-05;0.005672015253154737
14;7.1901064e-05;0.005551266803905874
15;7.1901064e-05;0.005446854450924792
16;7.1901064e-05;0.005333406046397821
17;7.1901064e-05;0.005194561150577185
18;7.1901064e-05;0.005080912397327843
19;7.1901064e-05;0.0049145389021637755
20;7.1901064e-05;0.004688455947948165
21;7.1901064e-05;0.004383961212293962
22;7.1901064e-05;0.004144645937662821
23;7.1901064e-05;0.004010842749519043
24;7.1901064e-05;0.003918369549537005
25;7.1901064e-05;0.0038487382478703544
26;7.1901064e-05;0.0037696981194924664
27;7.1901064e-05;0.0037318101287464236
28;7.1901064e-05;0.0036969887010683163
29;7.1901064e-05;0.003676421468123947
30;7.1901064e-05;0.0036361818393819945
31;7.1901064e-05;0.0036184309401356644
32;7.1901064e-05;0.0036032722892015336
33;7.1901064e-05;0.0035840146677246615
34;7.1901064e-05;0.0035888944413511657
35;7.1901064e-05;0.003568025235175889
36;7.1901064e-05;0.0035623035519352594
37;7.1901064e-05;0.003551321006651808
38;7.1901064e-05;0.0035343967853481133
39;7.1901064e-05;0.003530493098816396
40;7.1901064e-05;0.003523201952887096
41;7.1901064e-05;0.003512348326619723
42;7.1901064e-05;0.003503643605746435
43;7.1901064e-05;0.003506250004198497
44;7.1901064e-05;0.0035066517643193946
45;7.1901064e-05;0.0034991079753699653
46;7.1901064e-05;0.0034831575249347872
47;7.1901064e-05;0.0034972745709695107
48;7.1901064e-05;0.0034976490495531726
49;7.1901064e-05;0.0034813321892866026
50;7.1901064e-05;0.003459878773675384
51;7.1901064e-05;0.0034792242311243978
52;7.1901064e-05;0.0034762274467799365
53;7.1901064e-05;0.0034637924564835097
54;7.1901064e-05;0.0034619561995914267
55;7.1901064e-05;0.003467829087328449
56;7.1901064e-05;0.003466968108984608
57;7.1901064e-05;0.003450568070880611
58;7.1901064e-05;0.003444883616623412
59;7.1901064e-05;0.003450006021732463
60;7.1901064e-05;0.0034589469878642774
61;7.1901064e-05;0.0034531327586100704
62;7.1901064e-05;0.003447000254485003
63;7.1901064e-05;0.0034430954140246242
64;7.1901064e-05;0.0034316994934634384
65;7.1901064e-05;0.0034323492200384245
66;7.1901064e-05;0.003429988256394201
67;7.1901064e-05;0.0034356603793487045
68;7.1901064e-05;0.0034331347406280454
69;7.1901064e-05;0.003422654706761221
70;7.1901064e-05;0.0034242044734786015
71;7.1901064e-05;0.0034312631110153926
72;7.1901064e-05;0.00342586570027613
73;7.1901064e-05;0.003427597552669777
74;7.1901064e-05;0.0034260144882012865
75;7.1901064e-05;0.003430859912879134
76;7.1901064e-05;0.0034061593671423887
77;7.1901064e-05;0.003415376546102374
78;7.1901064e-05;0.0034128039971461736
79;7.1901064e-05;0.003424115069339517
80;7.1901064e-05;0.003404486674130696
81;7.1901064e-05;0.003416859104565621
82;7.1901064e-05;0.0034093518483025633
83;7.1901064e-05;0.0034253237734536866
84;7.1901064e-05;0.0034161686747707937
85;7.1901064e-05;0.0034064962381622787
86;7.1901064e-05;0.0033988450998763756
87;7.1901064e-05;0.0033977099771693477
88;7.1901064e-05;0.0034066644182931837
89;7.1901064e-05;0.003409519713395176
90;7.1901064e-05;0.00340416238054217
91;7.1901064e-05;0.003391200680930266
92;7.1901064e-05;0.0034015680880940683
93;7.1901064e-05;0.003396805868969303
94;7.1901064e-05;0.003402583708065839
95;7.1901064e-05;0.003397366123657985
96;7.1901064e-05;0.0034041945972111028
97;7.1901064e-05;0.00339696621982846
98;7.1901064e-05;0.0033956074325712424
99;7.1901064e-05;0.003387448843167831
100;7.1901064e-05;0.00338842309791591
101;7.1901064e-05;0.003395890049829184
102;7.1901064e-05;0.003387250452090366
103;7.1901064e-05;0.0033848553021029494
104;7.1901064e-05;0.003382704678130833
105;7.1901064e-05;0.003387495499454769
106;7.1901064e-05;0.0033860064001556924
107;7.1901064e-05;0.0033766273632799275
108;7.1901064e-05;0.0033764527229681353
109;7.1901064e-05;0.003381251451438714
110;7.1901064e-05;0.0033664285479249553
111;7.1901064e-05;0.003386995129074859
112;7.1901064e-05;0.003374432640023539
113;7.1901064e-05;0.003382210463668722
114;7.1901064e-05;0.003377308940826673
115;7.1901064e-05;0.003375554639677421
116;7.1901064e-05;0.0033601354493367464
117;7.1901064e-05;0.0033753785617869664
118;7.1901064e-05;0.0033661024030855326
119;7.1901064e-05;0.0033528965859682906
120;7.1901064e-05;0.0033574619135238585
121;7.1901064e-05;0.0033632879154868755
122;7.1901064e-05;0.0033541505789732797
123;7.1901064e-05;0.00336596175465993
124;7.1901064e-05;0.0033507823359078754
125;7.1901064e-05;0.003354638464364462
126;7.1901064e-05;0.003338796153304857
127;7.1901064e-05;0.003338829214613567
128;7.1901064e-05;0.0033349269511813145
129;7.1901064e-05;0.003331620498206875
130;7.1901064e-05;0.0033416221601250077
131;7.1901064e-05;0.0033218456350426868
132;7.1901064e-05;0.0033370949890501795
133;7.1901064e-05;0.003324482925142116
134;7.1901064e-05;0.0033179798868977826
135;7.1901064e-05;0.0033315707329664972
136;7.1901064e-05;0.00330917865154686
137;7.1901064e-05;0.003298910729514896
138;7.1901064e-05;0.0033175142207972417
139;7.1901064e-05;0.0032927820721923595
140;7.1901064e-05;0.003296546584980047
141;7.1901064e-05;0.0032980083910009836
142;7.1901064e-05;0.0032934865334422084
143;7.1901064e-05;0.0032904839014159947
144;7.1901064e-05;0.00328902899344206
145;7.1901064e-05;0.003280273055731364
146;7.1901064e-05;0.003276157609372325
147;7.1901064e-05;0.0032763737920458317
148;7.1901064e-05;0.0032683339557182337
149;7.1901064e-05;0.0032668494550017165
150;7.1901064e-05;0.0032741478892528673
151;7.1901064e-05;0.00326548924312048
152;7.1901064e-05;0.0032675929197162807
153;7.1901064e-05;0.003231876165353183
154;7.1901064e-05;0.003256968275981176
155;7.1901064e-05;0.0032653477919171955
156;7.1901064e-05;0.0032412484887340367
157;7.1901064e-05;0.0032394435990054297
158;7.1901064e-05;0.003241839702512572
159;7.1901064e-05;0.0032280620352426468
160;7.1901064e-05;0.0032277851321671465
161;7.1901064e-05;0.0032319855462861987
162;7.1901064e-05;0.003230387039724012
163;7.1901064e-05;0.0032300946714972807
164;7.1901064e-05;0.0032126140539858227
165;7.1901064e-05;0.0032131031381326123
166;7.1901064e-05;0.0032042982722229676
167;7.1901064e-05;0.0031942437132554185
168;7.1901064e-05;0.0031926023779248955
169;7.1901064e-05;0.003181575139036879
170;7.1901064e-05;0.003181206871135408
171;7.1901064e-05;0.0031679624117223436
172;7.1901064e-05;0.003179955941877597
173;7.1901064e-05;0.0031871142527768073
174;7.1901064e-05;0.0031729866912398063
175;7.1901064e-05;0.003153083809316873
176;7.1901064e-05;0.003147992043920842
177;7.1901064e-05;0.003140705773851362
178;7.1901064e-05;0.003143489464645855
179;7.1901064e-05;0.003139786933269661
180;7.1901064e-05;0.0031352140075120694
181;7.1901064e-05;0.0031233019999260168
182;7.1901064e-05;0.0031109456277049977
183;7.1901064e-05;0.0031039961013751617
184;7.1901064e-05;0.003103032021596051
185;7.1901064e-05;0.0030954228596579755
186;7.1901064e-05;0.003080019344606733
187;7.1901064e-05;0.0030847273866428378
188;7.1901064e-05;0.0030714297814798544
189;7.1901064e-05;0.0030624852191368027
190;7.1901064e-05;0.00305100783160183
191;7.1901064e-05;0.0030543535127479406
192;7.1901064e-05;0.0030311739681233934
193;7.1901064e-05;0.003038412786814132
194;7.1901064e-05;0.003016848780444717
195;7.1901064e-05;0.003009282581672307
196;7.1901064e-05;0.0030045338663505605
197;7.1901064e-05;0.00299348502840292
198;7.1901064e-05;0.002985458909193986
199;7.1901064e-05;0.0029705555889464282
200;7.1901064e-05;0.0029604951672364812
201;7.1901064e-05;0.002958367455820024
202;7.1901064e-05;0.002963147488542945
203;7.1901064e-05;0.0029511635651046247
204;7.1901064e-05;0.0029332299288566312
205;7.1901064e-05;0.0029177266957956284
206;7.1901064e-05;0.0029151341813666394
207;7.1901064e-05;0.0029083712853755017
208;7.1901064e-05;0.002898707545105064
209;7.1901064e-05;0.00289045759263379
210;7.1901064e-05;0.0028841123956946887
211;7.1901064e-05;0.002880666352781229
212;7.1901064e-05;0.0028737961724979878
213;7.1901064e-05;0.002852283097189968
214;7.1901064e-05;0.002851427255558418
215;7.1901064e-05;0.0028529347492892896
216;7.1901064e-05;0.0028536875152992505
217;7.1901064e-05;0.0028401740844538176
218;7.1901064e-05;0.0028389491118234024
219;7.1901064e-05;0.002829506228521457
220;7.1901064e-05;0.002822643299682959
221;7.1901064e-05;0.002808183201235344
222;7.1901064e-05;0.0028111960976780017
223;7.1901064e-05;0.002800693358569107
224;7.1901064e-05;0.0027915942552012
225;7.1901064e-05;0.002788475384727613
226;7.1901064e-05;0.002776479301525943
227;7.1901064e-05;0.002775947578909701
228;7.1901064e-05;0.0027743322734913593
229;7.1901064e-05;0.002764341568344246
230;7.1901064e-05;0.002757934518382417
231;7.1901064e-05;0.0027635732672882424
232;7.1901064e-05;0.0027539082361113802
233;7.1901064e-05;0.0027479161860144204
234;7.1901064e-05;0.002742731081051589
235;7.1901064e-05;0.002730094692011677
236;7.1901064e-05;0.002735724821214817
237;7.1901064e-05;0.0027339759944566026
238;7.1901064e-05;0.0027274247935966385
239;7.1901064e-05;0.00271273929625103
240;7.1901064e-05;0.002725830777366862
241;7.1901064e-05;0.0027041862954787005
242;7.1901064e-05;0.002715986835876186
243;7.1901064e-05;0.0027031019658021417
244;7.1901064e-05;0.002700731487674099
245;7.1901064e-05;0.0027053858560122123
246;7.1901064e-05;0.002685690973138091
247;7.1901064e-05;0.002684309787852551
248;7.1901064e-05;0.0026769846690667407
249;7.1901064e-05;0.0026883478335100117
250;7.1901064e-05;0.0026668555566735754
251;7.1901064e-05;0.002676433780556171
252;7.1901064e-05;0.002664272419640847
253;7.1901064e-05;0.0026734738894147714
254;7.1901064e-05;0.0026550451995542602
255;7.1901064e-05;0.0026645960927570863
256;7.1901064e-05;0.0026565674157809373
257;7.1901064e-05;0.0026520383203522215
258;7.1901064e-05;0.002657858612184718
259;7.1901064e-05;0.002645653013780215
260;7.1901064e-05;0.0026459853075860604
261;7.1901064e-05;0.002642808226825678
262;7.1901064e-05;0.0026503368774190295
263;7.1901064e-05;0.0026341640107768382
264;7.1901064e-05;0.0026362000251240972
265;7.1901064e-05;0.002642929718015071
266;7.1901064e-05;0.002625193657315004
267;7.1901064e-05;0.002623415759380122
268;7.1901064e-05;0.0026356104147893644
269;7.1901064e-05;0.0026208969326565476
270;7.1901064e-05;0.0026247473703098338
271;7.1901064e-05;0.0026285058843018966
272;7.1901064e-05;0.002626958108714429
273;7.1901064e-05;0.002621158129626322
274;7.1901064e-05;0.002622963493659686
275;7.1901064e-05;0.0026191766782523384
276;7.1901064e-05;0.0026215641297827465
277;7.1901064e-05;0.0026050821414920233
278;7.1901064e-05;0.0026053179500690415
279;7.1901064e-05;0.0026061327996834863
280;7.1901064e-05;0.0026089586977544113
281;7.1901064e-05;0.002613583983236292
282;7.1901064e-05;0.002614192293888619
283;7.1901064e-05;0.0026108703842453534
284;7.1901064e-05;0.0026074837515588367
285;7.1901064e-05;0.0025973539633504226
286;7.1901064e-05;0.0026038091772542615
287;7.1901064e-05;0.0026061074099114475
288;7.1901064e-05;0.0025926737634343207
289;7.1901064e-05;0.002596262942368583
290;7.1901064e-05;0.002594600571138268
291;7.1901064e-05;0.0025973404305271466
292;7.1901064e-05;0.002609759387156935
293;7.1901064e-05;0.002587071595748324
294;7.1901064e-05;0.0025884430606167206
295;7.1901064e-05;0.0025856225912256996
296;7.1901064e-05;0.0025798705020769943
297;7.1901064e-05;0.002596799769407046
298;7.1901064e-05;0.002583286498730379
299;7.1901064e-05;0.0025944979516864066
300;7.1901064e-05;0.0025982241170584524
301;7.1901064e-05;0.0025772843038297504
302;7.1901064e-05;0.002594002183731063
303;7.1901064e-05;0.0025893505170814894
304;7.1901064e-05;0.0025912192925441314
305;7.1901064e-05;0.002595873575108157
306;7.1901064e-05;0.0025839996057932515
307;7.1901064e-05;0.002577407563239543
308;7.1901064e-05;0.0025796630451849845
309;7.1901064e-05;0.002580682222411826
310;7.1901064e-05;0.0025848020690272104
311;7.1901064e-05;0.0025789959923694637
312;7.1901064e-05;0.002572665276640813
313;7.1901064e-05;0.0025650528392098188
314;7.1901064e-05;0.00256798612844835
315;7.1901064e-05;0.0025734392257814624
316;7.1901064e-05;0.0025685742074442013
317;7.1901064e-05;0.0025725163628700495
318;7.1901064e-05;0.0025584146831506144
319;7.1901064e-05;0.0025583519251951106
320;7.1901064e-05;0.0025564211740449457
321;7.1901064e-05;0.002550185769812848
322;7.1901064e-05;0.002553154701143707
323;7.1901064e-05;0.0025441059173401197
324;7.1901064e-05;0.0025322806121686457
325;7.1901064e-05;0.002552966883775788
326;7.1901064e-05;0.0025455458912584227
327;7.1901064e-05;0.0025519723137330985
328;7.1901064e-05;0.0025499003100373113
329;7.1901064e-05;0.0025509009431280783
330;7.1901064e-05;0.0025413173717281717
331;7.1901064e-05;0.0025400855896915682
332;7.1901064e-05;0.0025363781980446126
333;7.1901064e-05;0.00253706518920653
334;7.1901064e-05;0.002534898890842673
335;7.1901064e-05;0.002533926501320045
336;7.1901064e-05;0.002536095444399544
337;7.1901064e-05;0.0025228823001858173
338;7.1901064e-05;0.0025220050263186824
339;7.1901064e-05;0.0025300491744323595
340;7.1901064e-05;0.0025226106073637684
341;7.1901064e-05;0.002533772584096929
342;7.1901064e-05;0.002531114345985971
343;7.1901064e-05;0.0025302673245403947
344;7.1901064e-05;0.0025152082685083836
345;7.1901064e-05;0.002524712969803705
346;7.1901064e-05;0.002526389652359658
347;7.1901064e-05;0.0025226309617581498
348;7.1901064e-05;0.002516621297401313
349;7.1901064e-05;0.002516227450156881
0;3.5950532e-05;0.02848558657343078
1;7.1901064e-05;0.011011091661649723
2;7.1901064e-05;0.010610709236239014
3;7.1901064e-05;0.010449678843948868
4;7.1901064e-05;0.01035777461296448
5;7.1901064e-05;0.010187282099007523
6;7.1901064e-05;0.009713762455464597
7;7.1901064e-05;0.008377085989604724
8;7.1901064e-05;0.007039939285040549
9;7.1901064e-05;0.006415944375245916
10;7.1901064e-05;0.006143808423709358
11;7.1901064e-05;0.005957206721592095
12;7.1901064e-05;0.005855052332052782
13;7.1901064e-05;0.005753741239406649
0;4.0180006e-05;0.029949640112818598
1;8.036001e-05;0.011052087692277281
2;8.036001e-05;0.01050500262759627
3;8.036001e-05;0.010317805496580169
4;8.036001e-05;0.010188530585645979
5;8.036001e-05;0.010068428494690102
6;8.036001e-05;0.00991741344045539
7;8.036001e-05;0.009644881318259062
8;8.036001e-05;0.00894602197472755
9;8.036001e-05;0.007632405233618239
10;8.036001e-05;0.006345526928875274
11;8.036001e-05;0.005769199444051982
12;8.036001e-05;0.005563790962036535
13;8.036001e-05;0.005424796124946939
14;8.036001e-05;0.005321822858890343
15;8.036001e-05;0.0051942742133408186
16;8.036001e-05;0.005104558217539399
17;8.036001e-05;0.004996956918049101
18;8.036001e-05;0.004901859403055674
19;8.036001e-05;0.004804116813595287
20;8.036001e-05;0.004707375385374577
21;8.036001e-05;0.004609683506454456
22;8.036001e-05;0.004525006583293819
23;8.036001e-05;0.0044211265296632395
24;8.036001e-05;0.004246203038942771
25;8.036001e-05;0.004001293370483868
26;8.036001e-05;0.0037772691709237953
27;8.036001e-05;0.003669289286538002
28;8.036001e-05;0.003600371911361301
29;8.036001e-05;0.003557200515334604
30;8.036001e-05;0.0035293825556937286
31;8.036001e-05;0.0035123311654575193
32;8.036001e-05;0.0034830116335499745
33;8.036001e-05;0.003464010706423533
34;8.036001e-05;0.003449355390589331
35;8.036001e-05;0.0034452923222671617
36;8.036001e-05;0.0034311687996749145
37;8.036001e-05;0.0034222798209328285
38;8.036001e-05;0.003400583306710699
39;8.036001e-05;0.003395274995303967
40;8.036001e-05;0.0033996137004760913
41;8.036001e-05;0.003395759090292745
42;8.036001e-05;0.0033844703216551913
43;8.036001e-05;0.003385819748857733
44;8.036001e-05;0.0033729004327869975
45;8.036001e-05;0.0033552706905484423
46;8.036001e-05;0.0033564444397564362
47;8.036001e-05;0.0033619810702259396
48;8.036001e-05;0.003354231772543964
49;8.036001e-05;0.003349217210323484
50;8.036001e-05;0.00334515282492143
51;8.036001e-05;0.0033460492689235542
52;8.036001e-05;0.003326774646459472
53;8.036001e-05;0.0033285013623087357
54;8.036001e-05;0.0033210649560961114
55;8.036001e-05;0.0033254292862764877
56;8.036001e-05;0.0033310182237941003
57;8.036001e-05;0.0033084047464331657
58;8.036001e-05;0.0033107660011484448
59;8.036001e-05;0.003318361026735733
60;8.036001e-05;0.0032964059254257166
61;8.036001e-05;0.0033013669965777383
62;8.036001e-05;0.0033041407777167383
63;8.036001e-05;0.003302188431610494
64;8.036001e-05;0.003296123870945806
65;8.036001e-05;0.0032886499091121504
66;8.036001e-05;0.0032685280862950646
67;8.036001e-05;0.0032593063212295117
68;8.036001e-05;0.003264123985546043
69;8.036001e-05;0.003253500820133491
70;8.036001e-05;0.0032520665799481113
71;8.036001e-05;0.003242688828426939
72;8.036001e-05;0.003238569973776603
73;8.036001e-05;0.0032562841468277964
74;8.036001e-05;0.003243189060595705
75;8.036001e-05;0.003238468005962293
76;8.036001e-05;0.003221266613106383
77;8.036001e-05;0.003220613482437086
78;8.036001e-05;0.0032306333292352932
79;8.036001e-05;0.003215980955615721
80;8.036001e-05;0.0032109151696441593
81;8.036001e-05;0.003198880265425477
82;8.036001e-05;0.0031987649699059192
83;8.036001e-05;0.003200565988526765
84;8.036001e-05;0.003199383748080947
85;8.036001e-05;0.003192744123447458
86;8.036001e-05;0.003199992465033399
87;8.036001e-05;0.003186404537779224
88;8.036001e-05;0.0031872109906389556
89;8.036001e-05;0.003193112346409445
90;8.036001e-05;0.00318842026506535
91;8.036001e-05;0.0031834006227243715
92;8.036001e-05;0.0031694925021864004
93;8.036001e-05;0.0031825703829713443
94;8.036001e-05;0.0031696664963355584
95;8.036001e-05;0.003165667584878528
96;8.036001e-05;0.0031647566619949735
97;8.036001e-05;0.0031686911591571817
98;8.036001e-05;0.0031726205616757716
99;8.036001e-05;0.0031615505730492217
100;8.036001e-05;0.0031627803401492816
101;8.036001e-05;0.0031664284809213472
102;8.036001e-05;0.0031470528503158334
103;8.036001e-05;0.0031438272437910903
104;8.036001e-05;0.0031547194279601632
105;8.036001e-05;0.00314053346796902
106;8.036001e-05;0.003143112528872634
107;8.036001e-05;0.0031522726538526003
108;8.036001e-05;0.0031348015515192877
109;8.036001e-05;0.0031356586409816926
110;8.036001e-05;0.0031495547254246476
111;8.036001e-05;0.0031365881710062747
112;8.036001e-05;0.0031230674292452667
113;8.036001e-05;0.0031343826663990256
114;8.036001e-05;0.0031368613462209685
115;8.036001e-05;0.0031361277771988828
116;8.036001e-05;0.0031400250769058552
117;8.036001e-05;0.003120041218771809
118;8.036001e-05;0.003122287841641834
119;8.036001e-05;0.0031221028945926954
120;8.036001e-05;0.0031198065449462215
121;8.036001e-05;0.0031109775892835313
122;8.036001e-05;0.0031218701731394933
123;8.036001e-05;0.003108343227614922
124;8.036001e-05;0.0031016674211407475
125;8.036001e-05;0.003102817874193178
126;8.036001e-05;0.0031050183602187487
127;8.036001e-05;0.003108653288525065
128;8.036001e-05;0.003095719452850208
129;8.036001e-05;0.003096510801193215
130;8.036001e-05;0.003094331653474559
131;8.036001e-05;0.0030917011225292243
132;8.036001e-05;0.003087318941771177
133;8.036001e-05;0.0030839853398916374
134;8.036001e-05;0.003087627232249461
135;8.036001e-05;0.0030807276102974594
136;8.036001e-05;0.0030792014246642237
137;8.036001e-05;0.003085450827939204
138;8.036001e-05;0.003068397642703816
139;8.036001e-05;0.0030852924112962006
140;8.036001e-05;0.0030734701108487213
141;8.036001e-05;0.0030739894747488328
142;8.036001e-05;0.0030738074693430753
143;8.036001e-05;0.003063574640488039
144;8.036001e-05;0.003050043452659855
145;8.036001e-05;0.003063997627088236
146;8.036001e-05;0.0030628509284739334
147;8.036001e-05;0.0030540335887216793
148;8.036001e-05;0.0030510238017394655
149;8.036001e-05;0.0030509735372380884
150;8.036001e-05;0.0030445626915078265
151;8.036001e-05;0.003044126514004008
152;8.036001e-05;0.0030521728486734736
153;8.036001e-05;0.0030525770480161482
154;8.036001e-05;0.0030520729197901714
155;8.036001e-05;0.003044402159777886
156;8.036001e-05;0.0030346822885108206
157;8.036001e-05;0.003027306677288234
158;8.036001e-05;0.00303055994055419
159;8.036001e-05;0.003023836268702583
160;8.036001e-05;0.003047576123316734
161;8.036001e-05;0.0030389114935451917
162;8.036001e-05;0.003026394388999082
163;8.036001e-05;0.003022197150038726
164;8.036001e-05;0.0030232692270787042
165;8.036001e-05;0.003034221187934248
166;8.036001e-05;0.0030276907315828694
167;8.036001e-05;0.003013282551853488
168;8.036001e-05;0.0030339964377335466
169;8.036001e-05;0.003010947394052449
170;8.036001e-05;0.00301614681843268
171;8.036001e-05;0.0030102368912678008
172;8.036001e-05;0.003002261179598937
173;8.036001e-05;0.003005633798535292
174;8.036001e-05;0.0029944087284592587
175;8.036001e-05;0.003026495908559968
176;8.036001e-05;0.0029943632756607966
177;8.036001e-05;0.0030024106328543107
178;8.036001e-05;0.003014338887348351
179;8.036001e-05;0.002994036476381512
180;8.036001e-05;0.002993066009054657
181;8.036001e-05;0.0029852391069618597
182;8.036001e-05;0.002989652689649356
183;8.036001e-05;0.0029900392105894394
184;8.036001e-05;0.0029940516506521834
185;8.036001e-05;0.0029864743749162463
186;8.036001e-05;0.002977451447527486
187;8.036001e-05;0.0029897060791961626
188;8.036001e-05;0.002980007206525197
189;8.036001e-05;0.002981924770093229
190;8.036001e-05;0.002974513692607583
191;8.036001e-05;0.0029674241288628494
192;8.036001e-05;0.0029664258744887713
193;8.036001e-05;0.002967212036238604
194;8.036001e-05;0.0029710023769052144
195;8.036001e-05;0.0029689831415421653
196;8.036001e-05;0.0029669161393534086
197;8.036001e-05;0.0029691566139746412
198;8.036001e-05;0.0029415624516643817
199;8.036001e-05;0.002958276377480655
200;8.036001e-05;0.0029516553122052253
201;8.036001e-05;0.0029593871406621425
202;8.036001e-05;0.002951535803439475
203;8.036001e-05;0.002948996697351878
204;8.036001e-05;0.0029460482719015947
205;8.036001e-05;0.002950038818545096
206;8.036001e-05;0.002943808093555351
207;8.036001e-05;0.0029465648028148763
208;8.036001e-05;0.0029402353203096115
209;8.036001e-05;0.0029415667101483607
210;8.036001e-05;0.0029428640660885646
211;8.036001e-05;0.0029387371367852657
212;8.036001e-05;0.0029346013642622014
213;8.036001e-05;0.0029310717199796587
214;8.036001e-05;0.002935635858794339
215;8.036001e-05;0.0029404480609873944
216;8.036001e-05;0.0029380288339401063
217;8.036001e-05;0.0029188728129423136
218;8.036001e-05;0.002928244342568133
219;8.036001e-05;0.0029177128137055914
220;8.036001e-05;0.0029270516276413963
221;8.036001e-05;0.0029300193229127363
222;8.036001e-05;0.0029220838513307522
223;8.036001e-05;0.002918179396233852
224;8.036001e-05;0.0029130049959782242
225;8.036001e-05;0.002900599807713656
226;8.036001e-05;0.0029136000658439827
227;8.036001e-05;0.0029092619033640726
228;8.036001e-05;0.0028968301186546555
229;8.036001e-05;0.0029110260859254865
230;8.036001e-05;0.0029035005989154657
231;8.036001e-05;0.002895183215500375
232;8.036001e-05;0.002872732338945855
233;8.036001e-05;0.002886414218958385
234;8.036001e-05;0.0028979700540206375
235;8.036001e-05;0.002878347210507846
236;8.036001e-05;0.0028837772391047795
237;8.036001e-05;0.0028763005819645725
238;8.036001e-05;0.002875446104832018
239;8.036001e-05;0.0028699750482604506
240;8.036001e-05;0.002864873651454799
241;8.036001e-05;0.0028594495758085306
242;8.036001e-05;0.0028515666169846472
243;8.036001e-05;0.002852790146786999
244;8.036001e-05;0.0028507813352135116
245;8.036001e-05;0.0028439891401705704
246;8.036001e-05;0.00285444715660804
247;8.036001e-05;0.0028357165009216274
248;8.036001e-05;0.0028468634467535723
249;8.036001e-05;0.002838387627030542
250;8.036001e-05;0.002824851415227151
251;8.036001e-05;0.002840310732655701
252;8.036001e-05;0.0028207318374741507
253;8.036001e-05;0.002822285244704207
254;8.036001e-05;0.0028131191177944276
255;8.036001e-05;0.0028113745891372864
256;8.036001e-05;0.002806386973680466
257;8.036001e-05;0.0027976892018449933
258;8.036001e-05;0.002799830136764981
259;8.036001e-05;0.0027942701510193595
260;8.036001e-05;0.002798488588337366
261;8.036001e-05;0.0027799843527949466
262;8.036001e-05;0.0027805470050540713
263;8.036001e-05;0.0027748170931151672
264;8.036001e-05;0.0027782047661525384
265;8.036001e-05;0.0027699686644338897
266;8.036001e-05;0.002766018913054643
267;8.036001e-05;0.002760995905120188
268;8.036001e-05;0.0027652619275633566
269;8.036001e-05;0.0027505283872148105
270;8.036001e-05;0.002753740324616982
271;8.036001e-05;0.002752797400032128
272;8.036001e-05;0.0027338431481919072
273;8.036001e-05;0.002735410174646721
274;8.036001e-05;0.002723182973832464
275;8.036001e-05;0.002723728488458695
276;8.036001e-05;0.0027225204461158344
277;8.036001e-05;0.002701903869742691
278;8.036001e-05;0.0026969194517161583
279;8.036001e-05;0.002696396065659267
280;8.036001e-05;0.0026832705000674746
281;8.036001e-05;0.002690041494660723
282;8.036001e-05;0.0026678290992397423
283;8.036001e-05;0.002668934147780395
284;8.036001e-05;0.002662813921061564
285;8.036001e-05;0.002658605020593031
286;8.036001e-05;0.002645230894945132
287;8.036001e-05;0.0026406504977223625
288;8.036001e-05;0.0026270795015569466
289;8.036001e-05;0.0026195416666136284
290;8.036001e-05;0.0026214777037069253
291;8.036001e-05;0.0026069002777196213
292;8.036001e-05;0.0025958535489910483
293;8.036001e-05;0.0025758842124199276
294;8.036001e-05;0.0025768150096989366
295;8.036001e-05;0.002554241740095868
296;8.036001e-05;0.002544170955721382
297;8.036001e-05;0.002536265610211641
298;8.036001e-05;0.002521705467131432
299;8.036001e-05;0.002513551171856679
300;8.036001e-05;0.0024946879278188367
301;8.036001e-05;0.002480689431533453
302;8.036001e-05;0.0024680779560340566
303;8.036001e-05;0.0024619831552736486
304;8.036001e-05;0.0024340402273881276
305;8.036001e-05;0.0024347505678294335
306;8.036001e-05;0.0024235331395914364
307;8.036001e-05;0.0024091519766936426
308;8.036001e-05;0.0023934190038925967
309;8.036001e-05;0.002385750670976225
310;8.036001e-05;0.002378287965913654
311;8.036001e-05;0.0023582184088181044
312;8.036001e-05;0.0023518189641308865
313;8.036001e-05;0.0023453741108261554
314;8.036001e-05;0.002321169021615846
315;8.036001e-05;0.0023156816666270834
316;8.036001e-05;0.002305024121717245
317;8.036001e-05;0.002300700184831945
318;8.036001e-05;0.00229485705537717
319;8.036001e-05;0.0022782401063155366
320;8.036001e-05;0.0022558491605881295
321;8.036001e-05;0.002264479570779971
322;8.036001e-05;0.0022425712755803073
323;8.036001e-05;0.002243169005915988
324;8.036001e-05;0.002239928195336888
325;8.036001e-05;0.0022304782256045283
326;8.036001e-05;0.002219781291386458
327;8.036001e-05;0.002212243114401799
328;8.036001e-05;0.002198488775251151
329;8.036001e-05;0.0021964450699282177
330;8.036001e-05;0.002183354301919232
331;8.036001e-05;0.002179160570446535
332;8.036001e-05;0.002184815573531674
333;8.036001e-05;0.00216102358660908
334;8.036001e-05;0.0021674966670991056
335;8.036001e-05;0.002152744313915289
336;8.036001e-05;0.0021620599100269674
337;8.036001e-05;0.002148008818692776
338;8.036001e-05;0.002146166473105993
339;8.036001e-05;0.0021465916590871484
340;8.036001e-05;0.0021327920965571266
341;8.036001e-05;0.0021236871487574365
342;8.036001e-05;0.0021168861866903087
343;8.036001e-05;0.0021291647006957243
344;8.036001e-05;0.002120123122083654
345;8.036001e-05;0.0021003566390827683
346;8.036001e-05;0.0021093641253922112
347;8.036001e-05;0.002112188063388146
348;8.036001e-05;0.002091721389103892
349;8.036001e-05;0.002092070470843309
0;7.1901064e-05;0.02750421043611277
1;7.1901064e-05;0.010939200162452907
2;7.1901064e-05;0.010602454247630143
3;7.1901064e-05;0.010463690063755164
4;7.1901064e-05;0.010329878351802452
5;7.1901064e-05;0.010011455341273926
6;7.1901064e-05;0.008937122859369213
7;7.1901064e-05;0.007377452465890346
8;7.1901064e-05;0.00657368452756207
9;7.1901064e-05;0.006206183961838867
10;7.1901064e-05;0.006003998607683146
11;7.1901064e-05;0.0058393453350267565
12;7.1901064e-05;0.005691187313719266
13;7.1901064e-05;0.005578193961497448
14;7.1901064e-05;0.005441239211482316
15;7.1901064e-05;0.005310314539430377
16;7.1901064e-05;0.0051694639477872315
17;7.1901064e-05;0.005041906363234449
18;7.1901064e-05;0.0049149227230615815
19;7.1901064e-05;0.0047730402207677314
20;7.1901064e-05;0.004530200574417064
21;7.1901064e-05;0.00419609565149241
22;7.1901064e-05;0.003976444118624377
23;7.1901064e-05;0.0038764590683109754
24;7.1901064e-05;0.0038129704212528904
25;7.1901064e-05;0.003768166524662918
26;7.1901064e-05;0.003734998374889347
27;7.1901064e-05;0.003712799139019893
28;7.1901064e-05;0.003680471095823691
29;7.1901064e-05;0.0036736721192849806
30;7.1901064e-05;0.0036650343839655726
31;7.1901064e-05;0.003634537680066238
32;7.1901064e-05;0.0036253613695481197
33;7.1901064e-05;0.003608649478509204
34;7.1901064e-05;0.003605798642851207
35;7.1901064e-05;0.0035898938259322304
36;7.1901064e-05;0.0035922312316440607
37;7.1901064e-05;0.0035863115713625085
38;7.1901064e-05;0.0035657759694721434
39;7.1901064e-05;0.003561445780293828
40;7.1901064e-05;0.0035499034128803303
41;7.1901064e-05;0.003544806096831856
42;7.1901064e-05;0.0035464336911517898
43;7.1901064e-05;0.0035196975473793073
44;7.1901064e-05;0.0035150805861835725
45;7.1901064e-05;0.003528714137705488
46;7.1901064e-05;0.003516327024001949
47;7.1901064e-05;0.0035115139549711225
48;7.1901064e-05;0.003498864089513477
49;7.1901064e-05;0.0035001118737052256
50;7.1901064e-05;0.0035002091584868792
51;7.1901064e-05;0.0034867338362367796
52;7.1901064e-05;0.0034932616727079355
53;7.1901064e-05;0.0034826117023847784
54;7.1901064e-05;0.0034763060384865375
55;7.1901064e-05;0.003476297138684595
56;7.1901064e-05;0.003465338114819692
57;7.1901064e-05;0.0034651022549214857
58;7.1901064e-05;0.003455792173201732
59;7.1901064e-05;0.0034578691600545644
60;7.1901064e-05;0.0034696526013967264
61;7.1901064e-05;0.00344083893498238
62;7.1901064e-05;0.0034436563677105996
63;7.1901064e-05;0.0034334532670900688
64;7.1901064e-05;0.003446258924776685
65;7.1901064e-05;0.0034323066126976513
66;7.1901064e-05;0.0034346439333836284
67;7.1901064e-05;0.0034371429793150694
68;7.1901064e-05;0.003434989089086722
69;7.1901064e-05;0.0034296676872157096
70;7.1901064e-05;0.0034298775561555474
71;7.1901064e-05;0.003422619566547727
72;7.1901064e-05;0.003413626018744835
73;7.1901064e-05;0.0034146896250185667
74;7.1901064e-05;0.0034103988996537077
75;7.1901064e-05;0.003414864240454751
76;7.1901064e-05;0.0034083031827074
77;7.1901064e-05;0.003413903729107922
78;7.1901064e-05;0.003397965169670273
79;7.1901064e-05;0.003415651296326228
80;7.1901064e-05;0.0034112724894532543
81;7.1901064e-05;0.0034003601210670234
82;7.1901064e-05;0.0033985619695130163
83;7.1901064e-05;0.0034102841241788165
84;7.1901064e-05;0.003400300270869403
85;7.1901064e-05;0.003405260036236983
86;7.1901064e-05;0.003396712504117138
87;7.1901064e-05;0.003400995274562229
88;7.1901064e-05;0.003416950763801592
89;7.1901064e-05;0.003392693531181674
90;7.1901064e-05;0.003392023663166685
91;7.1901064e-05;0.0034080197324286915
92;7.1901064e-05;0.0034012156413293923
93;7.1901064e-05;0.003393757415328925
94;7.1901064e-05;0.0033978878655061815
95;7.1901064e-05;0.0033942290175839377
96;7.1901064e-05;0.0033909953329871
97;7.1901064e-05;0.0033779883810832337
98;7.1901064e-05;0.0034032213566845887
99;7.1901064e-05;0.0033833471602250074
100;7.1901064e-05;0.0033989612942835873
101;7.1901064e-05;0.003379257509957642
102;7.1901064e-05;0.0033851229791195445
103;7.1901064e-05;0.003384747905975628
104;7.1901064e-05;0.0033915207213096525
105;7.1901064e-05;0.003382952678632805
106;7.1901064e-05;0.0033870220488331775
107;7.1901064e-05;0.003381320064467904
108;7.1901064e-05;0.00338692651050709
109;7.1901064e-05;0.0033838937931977694
110;7.1901064e-05;0.0033869967453290786
111;7.1901064e-05;0.003381257277713696
112;7.1901064e-05;0.003383138307934081
113;7.1901064e-05;0.0033856783649083826
114;7.1901064e-05;0.0033858854332215935
115;7.1901064e-05;0.003373959375583909
116;7.1901064e-05;0.0033757088233602513
117;7.1901064e-05;0.003390432246179392
118;7.1901064e-05;0.0033853334471181957
119;7.1901064e-05;0.0033788565407247835
120;7.1901064e-05;0.0033844103327834206
121;7.1901064e-05;0.0033853411045133624
122;7.1901064e-05;0.003391346565923328
123;7.1901064e-05;0.0033900933966362072
124;7.1901064e-05;0.0033802974678237454
125;7.1901064e-05;0.003379642555520145
126;7.1901064e-05;0.0033901975769853976
127;7.1901064e-05;0.0033847898285602734
128;7.1901064e-05;0.0033744928994759883
129;7.1901064e-05;0.003380619603700897
130;7.1901064e-05;0.0033733959705523234
131;7.1901064e-05;0.0033690179208300266
132;7.1901064e-05;0.003372023307484035
133;7.1901064e-05;0.0033644277691297834
134;7.1901064e-05;0.0033721809008906214
135;7.1901064e-05;0.0033892683937165294
136;7.1901064e-05;0.0033846076711329972
137;7.1901064e-05;0.00338247274614318
138;7.1901064e-05;0.0033827058009873487
139;7.1901064e-05;0.0033831284701275766
140;7.1901064e-05;0.00337059533071806
141;7.1901064e-05;0.003385394668335919
142;7.1901064e-05;0.0033878618299176422
143;7.1901064e-05;0.0033699599263704765
144;7.1901064e-05;0.003374058168548558
145;7.1901064e-05;0.0033769813829621982
146;7.1901064e-05;0.0033834676957529026
147;7.1901064e-05;0.003373319410168003
148;7.1901064e-05;0.003372052238469431
149;7.1901064e-05;0.0033798518372176686
150;7.1901064e-05;0.0033655030565992927
151;7.1901064e-05;0.0033661453288750076
152;7.1901064e-05;0.003377038633930945
153;7.1901064e-05;0.0033666656662482393
154;7.1901064e-05;0.003360199741624199
155;7.1901064e-05;0.0033639795305901547
156;7.1901064e-05;0.0033598104564811788
157;7.1901064e-05;0.003364379281387322
158;7.1901064e-05;0.003368418604234564
159;7.1901064e-05;0.003359968297296874
160;7.1901064e-05;0.003361465013373429
161;7.1901064e-05;0.0033663534931497366
162;7.1901064e-05;0.0033701483152619102
163;7.1901064e-05;0.0033637501458241756
164;7.1901064e-05;0.0033511716985611885
165;7.1901064e-05;0.0033679485875495073
166;7.1901064e-05;0.0033512072282623224
167;7.1901064e-05;0.003357363842925965
168;7.1901064e-05;0.00336228513749332
169;7.1901064e-05;0.003358081576354669
170;7.1901064e-05;0.0033619542189988394
171;7.1901064e-05;0.0033600033549438385
172;7.1901064e-05;0.003349737400988569
173;7.1901064e-05;0.0033533114368792063
174;7.1901064e-05;0.003344401019918997
175;7.1901064e-05;0.003365138903782456
176;7.1901064e-05;0.0033422290217228084
177;7.1901064e-05;0.0033479531209781744
178;7.1901064e-05;0.003351337756268629
179;7.1901064e-05;0.003352794832549604
180;7.1901064e-05;0.0033443732252874604
181;7.1901064e-05;0.0033407951887205797
182;7.1901064e-05;0.003343446205159274
183;7.1901064e-05;0.0033471450800148838
184;7.1901064e-05;0.0033467136389203466
185;7.1901064e-05;0.00334119605895715
186;7.1901064e-05;0.003349240903388812
187;7.1901064e-05;0.0033231602906380327
188;7.1901064e-05;0.003348107851258558
189;7.1901064e-05;0.003332782934697264
190;7.1901064e-05;0.0033386717190906612
191;7.1901064e-05;0.003337747615367228
192;7.1901064e-05;0.0033319661990998746
193;7.1901064e-05;0.003327764114239562
194;7.1901064e-05;0.003330148108143021
195;7.1901064e-05;0.003332976875438498
196;7.1901064e-05;0.003324916380412853
197;7.1901064e-05;0.003328518585500754
198;7.1901064e-05;0.0033311777147476736
199;7.1901064e-05;0.003319208977137681
200;7.1901064e-05;0.00332398376575754
201;7.1901064e-05;0.003320879478079691
202;7.1901064e-05;0.0033199302952967224
203;7.1901064e-05;0.003316817854201854
204;7.1901064e-05;0.003313303640053711
205;7.1901064e-05;0.0033135772243200056
206;7.1901064e-05;0.003312017660115483
207;7.1901064e-05;0.003313351437320455
208;7.1901064e-05;0.003305243985416342
209;7.1901064e-05;0.0033113858789668295
210;7.1901064e-05;0.0033062741528357784
211;7.1901064e-05;0.0033155611576204114
212;7.1901064e-05;0.003309884301769788
213;7.1901064e-05;0.003306996753031709
214;7.1901064e-05;0.0032996655331655363
215;7.1901064e-05;0.0033040520656062817
216;7.1901064e-05;0.0033053719378053244
217;7.1901064e-05;0.003303032741407764
218;7.1901064e-05;0.0033137541945762144
219;7.1901064e-05;0.00331050872367693
220;7.1901064e-05;0.0033067964726551714
221;7.1901064e-05;0.0032999346138968297
222;7.1901064e-05;0.0032924618005209113
223;7.1901064e-05;0.00329144697209177
224;7.1901064e-05;0.003290949456131554
225;7.1901064e-05;0.003298332124827629
226;7.1901064e-05;0.003295309552433146
227;7.1901064e-05;0.0032893948849693714
228;7.1901064e-05;0.003289726272842637
229;7.1901064e-05;0.003290362619815301
230;7.1901064e-05;0.003289343419585463
231;7.1901064e-05;0.0032846884527027915
232;7.1901064e-05;0.003277377803644571
233;7.1901064e-05;0.003280016133987394
234;7.1901064e-05;0.00327925339989111
235;7.1901064e-05;0.00327068204901112
236;7.1901064e-05;0.0032733302050382317
237;7.1901064e-05;0.0032658961000767263
238;7.1901064e-05;0.003286776578588322
239;7.1901064e-05;0.0032619514752991294
240;7.1901064e-05;0.003266710698262577
241;7.1901064e-05;0.003265750603797306
242;7.1901064e-05;0.0032768371368042276
243;7.1901064e-05;0.0032631900758530864
244;7.1901064e-05;0.003264325536814063
245;7.1901064e-05;0.0032619576215469426
246;7.1901064e-05;0.003259896950710789
247;7.1901064e-05;0.0032525913999708164
248;7.1901064e-05;0.003254806881771461
249;7.1901064e-05;0.003253246464084437
250;7.1901064e-05;0.0032555736037700607
251;7.1901064e-05;0.0032414132591411854
252;7.1901064e-05;0.00324454601688052
253;7.1901064e-05;0.0032352242307546945
254;7.1901064e-05;0.003236180428418245
255;7.1901064e-05;0.0032315795118295037
256;7.1901064e-05;0.003227975463623255
257;7.1901064e-05;0.003216209233043397
258;7.1901064e-05;0.0032230524242833044
259;7.1901064e-05;0.0032224519072851
260;7.1901064e-05;0.0032147695443768467
261;7.1901064e-05;0.003203677551730384
262;7.1901064e-05;0.0031994009545237086
263;7.1901064e-05;0.003194187055920952
264;7.1901064e-05;0.003202443715336395
265;7.1901064e-05;0.003192910977660763
266;7.1901064e-05;0.003185021663066562
267;7.1901064e-05;0.003184730767448687
268;7.1901064e-05;0.0031650321507685772
269;7.1901064e-05;0.003172231647472625
270;7.1901064e-05;0.0031683199196653436
271;7.1901064e-05;0.0031720660716215983
272;7.1901064e-05;0.0031532892838096746
273;7.1901064e-05;0.003163648129916851
274;7.1901064e-05;0.0031530512948421793
275;7.1901064e-05;0.0031493089095322056
276;7.1901064e-05;0.0031401819145042346
277;7.1901064e-05;0.0031292482944611922
278;7.1901064e-05;0.0031282181642498194
279;7.1901064e-05;0.003125669984571666
280;7.1901064e-05;0.0031174447724638516
281;7.1901064e-05;0.0030999860144679094
282;7.1901064e-05;0.003103588513833062
283;7.1901064e-05;0.0031051957662057697
284;7.1901064e-05;0.0030945759737091264
285;7.1901064e-05;0.0030888714780832843
286;7.1901064e-05;0.003081319192657762
287;7.1901064e-05;0.0030610884370557085
288;7.1901064e-05;0.003058993141679421
289;7.1901064e-05;0.003060969118370189
290;7.1901064e-05;0.0030340127201092266
291;7.1901064e-05;0.003039106343114574
292;7.1901064e-05;0.0030322837005924115
293;7.1901064e-05;0.0030135946231811274
294;7.1901064e-05;0.0030118380916414242
295;7.1901064e-05;0.002998223142657725
296;7.1901064e-05;0.002993865176137428
297;7.1901064e-05;0.0029749361788328887
298;7.1901064e-05;0.0029736873087178066
299;7.1901064e-05;0.002951618881156506
300;7.1901064e-05;0.002942646498766468
301;7.1901064e-05;0.0029202043969349728
302;7.1901064e-05;0.002896576548942521
303;7.1901064e-05;0.0028986448165516506
304;7.1901064e-05;0.0028770713484629735
305;7.1901064e-05;0.0028604566726127567
306;7.1901064e-05;0.0028526057819713677
307;7.1901064e-05;0.002835945731620448
308;7.1901064e-05;0.002826843407395548
309;7.1901064e-05;0.002805017798492216
310;7.1901064e-05;0.002781763970702968
311;7.1901064e-05;0.0027729720782348525
312;7.1901064e-05;0.0027671385951648347
313;7.1901064e-05;0.002763924833801205
314;7.1901064e-05;0.0027425213689527004
315;7.1901064e-05;0.0027238523738827946
316;7.1901064e-05;0.0027222424884292815
317;7.1901064e-05;0.0027149623800354775
318;7.1901064e-05;0.0026936920072727463
319;7.1901064e-05;0.0026957881725172845
320;7.1901064e-05;0.00268144880790573
321;7.1901064e-05;0.0026693608717280617
322;7.1901064e-05;0.002660822622550169
323;7.1901064e-05;0.00264309502864834
324;7.1901064e-05;0.0026360879688621937
325;7.1901064e-05;0.0026304876179729523
326;7.1901064e-05;0.0026186729773599845
327;7.1901064e-05;0.0026101380193299206
328;7.1901064e-05;0.0026024769735138367
329;7.1901064e-05;0.0025887093836904993
330;7.1901064e-05;0.0026003782419242697
331;7.1901064e-05;0.002583057534193981
332;7.1901064e-05;0.0025802787524441583
333;7.1901064e-05;0.00257055026735138
334;7.1901064e-05;0.0025683346319264997
335;7.1901064e-05;0.002559568645657313
336;7.1901064e-05;0.002561841156741687
337;7.1901064e-05;0.0025426703730357203
338;7.1901064e-05;0.0025404697030251403
339;7.1901064e-05;0.0025339280704501713
340;7.1901064e-05;0.0025224983413275138
341;7.1901064e-05;0.002523427811553666
342;7.1901064e-05;0.0025139757681905575
343;7.1901064e-05;0.002516214607732027
344;7.1901064e-05;0.00249191326926928
345;7.1901064e-05;0.0024989581183245406
346;7.1901064e-05;0.00249222429860502
347;7.1901064e-05;0.00248650780286975
348;7.1901064e-05;0.0024828087284408692
349;7.1901064e-05;0.0024826883495249145
0;3.4325334e-05;0.047369482312384394
1;3.4325334e-05;0.04703611624244123
2;3.4325334e-05;0.04704075704626875
3;3.4325334e-05;0.04703325821915358
4;3.4325334e-05;0.04703921242011677
5;3.4325334e-05;0.04703854899111172
6;3.4325334e-05;0.04704057866419988
7;3.4325334e-05;0.04702530340617153
8;3.4325334e-05;0.04704188522846156
9;3.4325334e-05;0.04703998305783106
10;3.4325334e-05;0.04703990898743669
11;3.4325334e-05;0.04704105718431933
12;3.4325334e-05;0.04703965756326855
13;3.4325334e-05;0.04704072337559375
14;3.4325334e-05;0.04704018564773623
15;3.4325334e-05;0.04702420478402623
16;3.4325334e-05;0.04703333714346307
17;3.4325334e-05;0.04704041526128374
18;3.4325334e-05;0.04703721791095729
19;3.4325334e-05;0.047037345247733
20;3.4325334e-05;0.04703541930526588
21;3.4325334e-05;0.04704206128078374
22;3.4325334e-05;0.0470444643733333
23;3.4325334e-05;0.04702805412421072
24;3.4325334e-05;0.0470413870032517
25;3.4325334e-05;0.047042455700501466
26;3.4325334e-05;0.047039175443125254
27;3.4325334e-05;0.047036428001765995
28;3.4325334e-05;0.047044078534853956
29;3.4325334e-05;0.047038925033092684
30;3.4325334e-05;0.047037747175226005
31;3.4325334e-05;0.04703738162294066
32;3.4325334e-05;0.047040687983309945
33;3.4325334e-05;0.047040706163181026
34;3.4325334e-05;0.047036998148084354
35;3.4325334e-05;0.047038847408308736
36;3.4325334e-05;0.0470359992695822
37;3.4325334e-05;0.04703717530717726
38;3.4325334e-05;0.047038795037182106
39;3.4325334e-05;0.04703934873614096
40;3.4325334e-05;0.04703423998925876
41;3.4325334e-05;0.04703541798662962
42;3.4325334e-05;0.04702876473827218
43;3.4325334e-05;0.04703389950705373
44;3.4325334e-05;0.04704097857431482
45;3.4325334e-05;0.047030065251102954
46;3.4325334e-05;0.04704212313610475
47;3.4325334e-05;0.04704595083513126
48;3.4325334e-05;0.047039110922065995
49;3.4325334e-05;0.0470402622153872
50;3.4325334e-05;0.04704007014456369
51;3.4325334e-05;0.047038280706042546
52;3.4325334e-05;0.04704210975988617
53;3.4325334e-05;0.04703776805090319
54;3.4325334e-05;0.04704192874268909
55;3.4325334e-05;0.04704191995540621
56;3.4325334e-05;0.04703907236291021
57;3.4325334e-05;0.04703138431568808
58;3.4325334e-05;0.04703973849487421
59;3.4325334e-05;0.04703969421190116
60;3.4325334e-05;0.04703157399457692
61;3.4325334e-05;0.04703971240619379
62;3.4325334e-05;0.04704139172485544
63;3.4325334e-05;0.04704037453113785
64;3.4325334e-05;0.04704244560038439
65;3.4325334e-05;0.04703248027110613
66;3.4325334e-05;0.04702847271863916
67;3.4325334e-05;0.047042220313707736
68;3.4325334e-05;0.047034480238578986
69;3.4325334e-05;0.047041866039505845
70;3.4325334e-05;0.04704186735273321
71;3.4325334e-05;0.047037949041304136
72;3.4325334e-05;0.04703136193676953
73;3.4325334e-05;0.04704473790116388
74;3.4325334e-05;0.04703471235855092
75;3.4325334e-05;0.047039017139762045
76;3.4325334e-05;0.04702991052355585
77;3.4325334e-05;0.04704057974039326
78;3.4325334e-05;0.04704553780784311
79;3.4325334e-05;0.04704184481450627
80;3.4325334e-05;0.04704041594405942
81;3.4325334e-05;0.04703813868054072
82;3.4325334e-05;0.047035356440582626
83;3.4325334e-05;0.047041717693295
84;3.4325334e-05;0.04703734179145209
85;3.4325334e-05;0.047041623774122236
86;3.4325334e-05;0.04704038750862706
87;3.4325334e-05;0.04703919002153012
88;3.4325334e-05;0.04703735466492454
89;3.4325334e-05;0.04703754691433106
90;3.4325334e-05;0.047036056056507056
91;3.4325334e-05;0.04703745101256137
92;3.4325334e-05;0.04703671355800101
93;3.4325334e-05;0.04703774434005557
94;3.4325334e-05;0.04702927354859515
95;3.4325334e-05;0.047040756352446436
96;3.4325334e-05;0.0470313722991997
97;3.4325334e-05;0.04704288464175172
98;3.4325334e-05;0.04703639549449466
99;3.4325334e-05;0.04703757822717152
100;3.4325334e-05;0.04702477657201122
101;3.4325334e-05;0.047037848754421456
102;3.4325334e-05;0.04703260666816369
103;3.4325334e-05;0.04703883162950017
104;3.4325334e-05;0.047035201788248146
105;3.4325334e-05;0.04703429527105215
106;3.4325334e-05;0.04703948213734656
107;3.4325334e-05;0.04702905067077208
108;3.4325334e-05;0.04703552409630836
109;3.4325334e-05;0.04704340313306572
110;3.4325334e-05;0.0470387804296746
111;3.4325334e-05;0.047038316728686566
112;3.4325334e-05;0.04703603818088704
113;3.4325334e-05;0.04703849883117691
114;3.4325334e-05;0.04704130886361976
115;3.4325334e-05;0.04703878292045419
116;3.4325334e-05;0.04703428006121632
117;3.4325334e-05;0.04704367249697962
118;3.4325334e-05;0.04703363622621702
119;3.4325334e-05;0.047035318514418424
120;3.4325334e-05;0.047035494597114154
121;3.4325334e-05;0.04703649361122839
122;3.4325334e-05;0.047040215562217706
123;3.4325334e-05;0.04703869357437001
124;3.4325334e-05;0.04703986418184745
125;3.4325334e-05;0.04703585730475557
126;3.4325334e-05;0.04703860047109949
127;3.4325334e-05;0.04704256380726661
128;3.4325334e-05;0.047044724638384605
129;3.4325334e-05;0.04703599372143088
130;3.4325334e-05;0.04704028338401877
131;3.4325334e-05;0.04703921125944407
132;3.4325334e-05;0.04703246990510154
133;3.4325334e-05;0.04703977058866395
134;3.4325334e-05;0.047039051846668775
135;3.4325334e-05;0.04703830448018672
136;3.4325334e-05;0.04704454705619975
137;3.4325334e-05;0.04703140402318809
138;3.4325334e-05;0.047021935578463375
139;3.4325334e-05;0.047043723546992336
140;3.4325334e-05;0.04703809795526595
141;3.4325334e-05;0.047039178220525585
142;3.4325334e-05;0.04702910278205913
143;3.4325334e-05;0.04703853426768439
144;3.4325334e-05;0.04704053377544599
145;3.4325334e-05;0.04703277723627246
146;3.4325334e-05;0.04703795240857726
147;3.4325334e-05;0.04703313404501209
148;3.4325334e-05;0.04703380955602386
149;3.4325334e-05;0.04703898539667281
150;3.4325334e-05;0.04704257356191793
151;3.4325334e-05;0.04703694070418196
152;3.4325334e-05;0.04703529996061412
153;3.4325334e-05;0.047036413377003775
154;3.4325334e-05;0.04702686618642272
155;3.4325334e-05;0.04704052538347291
156;3.4325334e-05;0.047035955860049744
157;3.4325334e-05;0.047037624342520054
158;3.4325334e-05;0.04703595440556352
159;3.4325334e-05;0.04703053172896384
160;3.4325334e-05;0.047039549479124726
161;3.4325334e-05;0.04703453008964736
162;3.4325334e-05;0.04702153340532457
163;3.4325334e-05;0.0470420710706158
164;3.4325334e-05;0.04704259740263139
165;3.4325334e-05;0.04704189412341253
166;3.4325334e-05;0.0470393439456263
167;3.4325334e-05;0.04704426571655392
168;3.4325334e-05;0.0470338254302418
169;3.4325334e-05;0.04704066819644149
170;3.4325334e-05;0.04703944106827636
171;3.4325334e-05;0.047034347418678776
172;3.4325334e-05;0.04703918860142025
173;3.4325334e-05;0.04703344372868519
174;3.4325334e-05;0.0470379441031894
175;3.4325334e-05;0.047043563510486185
176;3.4325334e-05;0.04704341122893557
177;3.4325334e-05;0.04704177476387956
178;3.4325334e-05;0.04703908006820752
179;3.4325334e-05;0.047039111107554085
180;3.4325334e-05;0.047034025524727525
181;3.4325334e-05;0.04704466053560013
182;3.4325334e-05;0.04703837194684373
183;3.4325334e-05;0.047034910309904615
184;3.4325334e-05;0.04702981083841807
185;3.4325334e-05;0.047040072929188784
186;3.4325334e-05;0.04704079720100964
187;3.4325334e-05;0.04703672792359498
188;3.4325334e-05;0.04703666985955012
189;3.4325334e-05;0.0470371632405831
190;3.4325334e-05;0.04704089209795444
191;3.4325334e-05;0.047040536778707946
192;3.4325334e-05;0.04703638893818578
193;3.4325334e-05;0.04703625969319858
194;3.4325334e-05;0.04703234373487465
195;3.4325334e-05;0.04704305847502995
196;3.4325334e-05;0.047038473413937534
197;3.4325334e-05;0.04704056189565429
198;3.4325334e-05;0.04703970281487477
199;3.4325334e-05;0.04704323167525666
200;3.4325334e-05;0.047038150181925364
201;3.4325334e-05;0.04702922122662513
202;3.4325334e-05;0.047045097982993035
203;3.4325334e-05;0.04704231799312377
204;3.4325334e-05;0.047025730415933636
205;3.4325334e-05;0.04703548294625532
206;3.4325334e-05;0.04703902048927697
207;3.4325334e-05;0.04704042322323182
208;3.4325334e-05;0.04704149146181329
209;3.4325334e-05;0.04704235450203243
210;3.4325334e-05;0.04703291893893984
211;3.4325334e-05;0.04702726111302842
212;3.4325334e-05;0.047041238830674834
213;3.4325334e-05;0.0470425866956985
214;3.4325334e-05;0.04703293789616781
215;3.4325334e-05;0.04703961868932626
216;3.4325334e-05;0.047039923759918854
217;3.4325334e-05;0.04703981590465764
218;3.4325334e-05;0.04703918942576704
219;3.4325334e-05;0.04704242905032382
220;3.4325334e-05;0.04702767599526543
221;3.4325334e-05;0.04703697182470517
222;3.4325334e-05;0.04704185575659997
223;3.4325334e-05;0.04704268019044066
224;3.4325334e-05;0.047036662428238216
225;3.4325334e-05;0.047041120161607844
226;3.4325334e-05;0.04703660160774803
227;3.4325334e-05;0.04704230291611882
228;3.4325334e-05;0.04703927133924461
229;3.4325334e-05;0.04704451845960491
230;3.4325334e-05;0.04703690503532735
231;3.4325334e-05;0.04704394077777108
232;3.4325334e-05;0.04704035253734131
233;3.4325334e-05;0.04704231048042543
234;3.4325334e-05;0.04703490114875845
235;3.4325334e-05;0.047041359721762786
236;3.4325334e-05;0.047037932461912964
237;3.4325334e-05;0.04703666634665495
238;3.4325334e-05;0.04704149474346023
239;3.4325334e-05;0.04703582040238925
240;3.4325334e-05;0.04704044137753253
241;3.4325334e-05;0.04703998900879466
242;3.4325334e-05;0.04703091579917045
243;3.4325334e-05;0.04703909672702709
244;3.4325334e-05;0.047042156290355644
245;3.4325334e-05;0.04703661160448073
246;3.4325334e-05;0.0470354990269683
247;3.4325334e-05;0.047038322731290404
248;3.4325334e-05;0.04703939051371706
249;3.4325334e-05;0.04704115816715648
250;3.4325334e-05;0.04702998404128813
251;3.4325334e-05;0.04703008714510352
252;3.4325334e-05;0.047036311238309085
253;3.4325334e-05;0.04704203804124774
254;3.4325334e-05;0.04703897977418
255;3.4325334e-05;0.04703247560111067
256;3.4325334e-05;0.04703734185695144
257;3.4325334e-05;0.04703451242414475
258;3.4325334e-05;0.047040878114393565
259;3.4325334e-05;0.04703718341786426
260;3.4325334e-05;0.04703947166019936
261;3.4325334e-05;0.047043193653993766
262;3.4325334e-05;0.047037830097388614
263;3.4325334e-05;0.04703196295959767
264;3.4325334e-05;0.04703908369402551
265;3.4325334e-05;0.04703699106395248
266;3.4325334e-05;0.04704198422928521
267;3.4325334e-05;0.04704403500074736
268;3.4325334e-05;0.047033588960037925
269;3.4325334e-05;0.04704030317126285
270;3.4325334e-05;0.04703740924402421
271;3.4325334e-05;0.04701736165553365
272;3.4325334e-05;0.04703891675483763
273;3.4325334e-05;0.04703671160427914
274;3.4325334e-05;0.047043679998119536
275;3.4325334e-05;0.047034054963518264
276;3.4325334e-05;0.04703619830838999
277;3.4325334e-05;0.047037558435535844
278;3.4325334e-05;0.04704167320406868
279;3.4325334e-05;0.04704286696439699
280;3.4325334e-05;0.04703659209462164
281;3.4325334e-05;0.04703801261764825
282;3.4325334e-05;0.04703665798570378
283;3.4325334e-05;0.04703041545510024
284;3.4325334e-05;0.04703529895359142
285;3.4325334e-05;0.04704270525504546
286;3.4325334e-05;0.047035044958591905
287;3.4325334e-05;0.047034575839674034
288;3.4325334e-05;0.04703899977077026
289;3.4325334e-05;0.04704270532552083
290;3.4325334e-05;0.04704265088098623
291;3.4325334e-05;0.04703928132199932
292;3.4325334e-05;0.04703817256788886
293;3.4325334e-05;0.047038843304441365
294;3.4325334e-05;0.04704053240789663
295;3.4325334e-05;0.04703282517138711
296;3.4325334e-05;0.04703362821730801
297;3.4325334e-05;0.04702638636936115
298;3.4325334e-05;0.04702194225579896
299;3.4325334e-05;0.047025955117149076
300;3.4325334e-05;0.047041872802563514
301;3.4325334e-05;0.04703917707766303
302;3.4325334e-05;0.04703596280282729
303;3.4325334e-05;0.04704146485854862
304;3.4325334e-05;0.04704123739559715
305;3.4325334e-05;0.047028789743258734
306;3.4325334e-05;0.04704124728534907
307;3.4325334e-05;0.04703540696007207
308;3.4325334e-05;0.04704153374314049
309;3.4325334e-05;0.047042243874957285
310;3.4325334e-05;0.047037843937725025
311;3.4325334e-05;0.04704171901212519
312;3.4325334e-05;0.04703870148931719
313;3.4325334e-05;0.04703339847302703
314;3.4325334e-05;0.047033300891566314
315;3.4325334e-05;0.04703843442438512
316;3.4325334e-05;0.04703967762445806
317;3.4325334e-05;0.04703397801137216
318;3.4325334e-05;0.047039879583083435
319;3.4325334e-05;0.04703792630141537
320;3.4325334e-05;0.04704115334485168
321;3.4325334e-05;0.047043758724527374
322;3.4325334e-05;0.04703835523642388
323;3.4325334e-05;0.047034870955679695
324;3.4325334e-05;0.0470424483637368
325;3.4325334e-05;0.047031715772966415
326;3.4325334e-05;0.04704214668485483
327;3.4325334e-05;0.04703444625602527
328;3.4325334e-05;0.047036748659951805
329;3.4325334e-05;0.04703398409305275
330;3.4325334e-05;0.047040215162826
331;3.4325334e-05;0.047033384660806435
332;3.4325334e-05;0.04704108058577703
333;3.4325334e-05;0.04703447348219063
334;3.4325334e-05;0.047037178254926856
335;3.4325334e-05;0.04704315211694061
336;3.4325334e-05;0.047030747933243404
337;3.4325334e-05;0.04704038727489332
338;3.4325334e-05;0.04703822505358116
339;3.4325334e-05;0.04703574344255485
340;3.4325334e-05;0.047035793493494904
341;3.4325334e-05;0.047033146503489484
342;3.4325334e-05;0.04703437079456611
343;3.4325334e-05;0.04702836891531685
344;3.4325334e-05;0.04704137315179244
345;3.4325334e-05;0.047026986111370996
346;3.4325334e-05;0.04704121071755943
347;3.4325334e-05;0.047039098652257506
348;3.4325334e-05;0.0470421842789998
349;3.4325334e-05;0.04704021084552105
